atleta_id,nome,clube_abrev,pos,jogos,media_geral,desvio,melhor,pior,media_ult5,jogos_ult5
88136,Ivan,REM,GOL,1,10.2,0.0,10.2,10.2,10.2,1.0
147192,Claudinho,CAP,LAT,3,9.27,8.26,16.9,0.5,9.27,3.0
121823,Kauê,COR,GOL,2,9.2,6.22,13.6,4.8,9.2,2.0
107231,Danilo,BOT,MEI,12,9.08,6.37,19.9,0.6,9.66,5.0
68872,Marcelo Lomba,PAL,GOL,1,8.9,0.0,8.9,8.9,8.9,1.0
94583,Pedro,FLA,ATA,16,8.81,7.3,20.6,0.0,8.7,5.0
143193,Viveros,CAP,ATA,15,8.41,6.38,21.1,-0.2,12.02,5.0
63007,Neymar,SAN,MEI,8,8.41,5.0,19.2,3.7,7.0,5.0
68899,Philippe Coutinho,VAS,MEI,3,8.23,4.97,11.4,2.5,8.23,3.0
130209,Renê,VIT,ATA,10,8.04,5.86,18.1,1.7,11.48,5.0
102928,Canobbio,FLU,ATA,11,7.94,5.76,16.2,1.0,7.46,5.0
110426,Bernabei,INT,LAT,12,7.92,6.05,17.2,-0.1,8.72,5.0
63354,Rodrigo Moledo,CFC,ZAG,2,7.75,0.35,8.0,7.5,7.75,2.0
105531,Matheus Bidu,COR,LAT,14,7.73,6.13,19.0,-0.8,4.98,5.0
107093,Luciano Juba,BAH,LAT,15,7.73,5.97,18.0,-2.1,8.08,5.0
125488,João Pedro,COR,ZAG,2,7.7,1.7,8.9,6.5,7.7,2.0
114802,Vitor Roque,PAL,ATA,7,7.6,7.44,21.2,0.9,8.24,5.0
94968,Juninho Capixaba,RBB,LAT,16,7.52,4.82,16.2,0.1,6.8,5.0
116065,Cuiabano,VAS,LAT,11,7.48,4.91,13.7,0.5,5.48,5.0
109096,Plata,FLA,ATA,9,7.4,4.72,14.4,1.2,6.8,5.0
116706,Andrés Gómez,VAS,ATA,16,7.3,4.74,16.9,0.5,4.4,5.0
95131,Gabriel Taliari,REM,ATA,6,7.3,6.64,19.3,0.9,8.58,5.0
110759,John Kennedy,FLU,ATA,17,7.29,5.18,18.0,0.0,8.5,5.0
88963,Leonardo Jardim,FLA,TEC,14,7.11,3.25,11.48,1.57,5.94,5.0
98873,Samuel Lino,FLA,ATA,16,7.08,7.05,26.0,-0.3,8.32,5.0
123648,Lucas Ronier,CFC,ATA,15,7.03,4.88,17.5,1.4,4.22,5.0
103912,Hernán Crespo,SAO,TEC,4,6.98,1.49,8.47,4.97,6.98,4.0
113103,Flaco López,PAL,ATA,17,6.75,4.07,16.1,-0.6,7.78,5.0
92171,Arthur Cabral,BOT,ATA,14,6.69,6.79,26.0,0.5,9.34,5.0
112886,Lucas Barbosa,RBB,ATA,16,6.67,4.92,15.2,-0.2,8.06,5.0
91706,Marlon,GRE,LAT,6,6.62,6.25,17.9,0.9,7.02,5.0
140492,João Victor,FLA,ZAG,1,6.5,0.0,6.5,6.5,6.5,1.0
110506,Abel Ferreira,PAL,TEC,18,6.5,2.01,10.45,3.13,5.92,5.0
99815,Arias,PAL,MEI,13,6.49,4.75,17.3,0.4,5.04,5.0
94930,Lucas Paquetá,FLA,MEI,11,6.46,4.45,15.7,-0.2,6.94,5.0
102975,Escobar,SAN,LAT,12,6.43,3.92,18.4,3.5,4.94,5.0
102130,Piquerez,PAL,LAT,6,6.43,3.44,12.8,2.4,6.66,5.0
87863,Arrascaeta,FLA,MEI,9,6.41,4.35,13.0,0.8,6.24,5.0
127273,Artur Jorge,CRU,TEC,10,6.33,2.07,9.78,3.25,5.45,5.0
147850,Rodrigo Bellão,BOT,TEC,1,6.24,0.0,6.24,6.24,6.24,1.0
105213,Sant Anna,RBB,LAT,7,6.23,4.66,15.8,0.5,4.32,5.0
141451,Allan,PAL,MEI,17,6.21,5.53,18.1,-2.1,6.68,5.0
95799,Artur,SAO,ATA,10,6.2,4.0,16.2,2.0,6.7,5.0
95466,Igor Vinícius,SAN,LAT,12,6.19,4.47,14.2,0.2,5.0,5.0
93988,Breno Lopes,CFC,ATA,15,6.18,6.46,21.0,-0.1,9.26,5.0
104502,Christian,CRU,MEI,17,6.09,4.35,14.9,0.9,4.98,5.0
96610,Matheus Pereira,CRU,MEI,16,6.07,4.55,15.8,-1.1,6.44,5.0
123689,Milans,COR,LAT,3,6.03,1.06,7.0,4.9,6.03,3.0
104118,Lucas Arcanjo,VIT,GOL,13,5.99,4.15,12.8,-1.0,4.7,5.0
98909,Cuello,CAM,ATA,17,5.99,4.55,19.4,1.1,5.48,5.0
131967,Villarreal,CRU,ATA,11,5.95,5.26,15.6,-0.3,4.72,5.0
72018,Tiago Volpi,RBB,GOL,11,5.94,5.17,15.6,-0.7,7.52,5.0
124661,Iván Román,CAM,ZAG,6,5.92,5.79,15.8,0.2,5.38,5.0
78445,Renê,FLU,LAT,11,5.89,4.18,12.9,-1.1,4.32,5.0
89840,Calleri,SAO,ATA,16,5.88,4.43,12.3,0.4,2.58,5.0
82775,Lucas Ramon,SAO,LAT,12,5.88,4.96,14.7,-2.8,5.36,5.0
72391,Fernando Diniz,COR,TEC,8,5.84,1.97,8.06,3.16,5.96,5.0
89837,Lucho Acosta,FLU,MEI,14,5.76,4.55,13.8,0.0,2.42,5.0
105563,Carlos Vinícius,GRE,ATA,17,5.62,7.38,24.1,-1.1,4.66,5.0
42411,Cuca,SAN,TEC,11,5.62,2.28,8.93,2.73,5.58,5.0
39850,Vagner Mancini,RBB,TEC,18,5.57,2.72,11.12,1.74,6.17,5.0
98517,Jean Lucas,BAH,MEI,15,5.57,3.43,12.2,1.6,5.82,5.0
112709,Kaiki Bruno,CRU,LAT,16,5.56,3.32,12.0,-0.9,5.88,5.0
99366,Luis Zubeldía,FLU,TEC,18,5.56,1.94,9.15,3.05,4.2,5.0
113690,Diógenes,SAN,GOL,2,5.55,6.58,10.2,0.9,5.55,2.0
146374,Gilberto,CAP,LAT,5,5.54,3.82,11.4,1.4,5.54,5.0
71043,Léo Vieira,CHA,GOL,7,5.53,4.91,13.0,-0.4,3.38,5.0
97341,Rogério Ceni,BAH,TEC,17,5.52,1.94,9.96,3.55,5.04,5.0
107172,Patrick de Paula,REM,MEI,6,5.48,4.41,14.0,1.8,6.22,5.0
92273,Odair Hellmann,CAP,TEC,16,5.47,2.42,9.85,2.11,5.95,5.0
92180,Jair Ventura,VIT,TEC,16,5.46,2.54,9.46,1.48,5.87,5.0
97795,Marcelinho,REM,LAT,15,5.45,5.02,16.7,-0.3,7.28,5.0
80287,Luciano,SAO,ATA,14,5.44,4.86,15.3,-0.9,7.44,5.0
118844,Kaio César,COR,ATA,6,5.43,3.97,10.6,1.0,4.66,5.0
101597,Ramon,VIT,LAT,13,5.41,3.41,14.2,2.0,5.72,5.0
92747,Eduardo Domínguez,CAM,TEC,14,5.38,3.38,12.76,1.68,5.63,5.0
99440,Baralhas,VIT,MEI,13,5.36,4.08,12.5,-0.7,3.26,5.0
99213,Puma Rodríguez,VAS,LAT,12,5.35,4.6,13.0,-1.0,6.22,5.0
105048,Jajá,REM,ATA,14,5.3,3.39,12.8,0.5,7.14,5.0
117632,Garro,COR,MEI,17,5.28,4.55,15.6,0.0,7.98,5.0
89274,Andreas Pereira,PAL,MEI,17,5.28,5.34,16.5,0.0,3.26,5.0
51772,Everton Ribeiro,BAH,MEI,13,5.25,4.08,14.3,1.2,6.3,5.0
103767,Gabriel Menino,SAN,MEI,7,5.24,5.34,16.7,0.9,3.52,5.0
98384,Negueba,MIR,ATA,8,5.24,3.61,13.5,1.7,3.62,5.0
96591,Renan Lodi,CAM,LAT,17,5.22,3.9,11.9,0.0,6.58,5.0
126977,Fernando Seabra,CFC,TEC,18,5.22,2.49,9.19,1.53,4.94,5.0
122660,Japa,CRU,MEI,3,5.2,2.48,8.0,3.3,5.2,3.0
117965,Martín Anselmi,BOT,TEC,5,5.16,3.49,11.04,1.82,5.16,5.0
107554,Natanael,CAM,LAT,11,5.15,6.02,17.7,-2.8,4.74,5.0
141400,Huguinho,BOT,MEI,3,5.13,4.84,10.6,1.4,5.13,3.0
97321,Alesson,MIR,ATA,16,5.13,3.81,12.7,-0.3,5.96,5.0
107989,Carbonero,INT,ATA,17,5.12,6.1,24.9,0.5,8.62,5.0
99274,Alexander Barboza,BOT,ZAG,11,5.12,4.02,10.8,-3.1,4.04,5.0
41929,Renato Gaúcho,VAS,TEC,14,5.08,1.84,9.55,3.19,5.07,5.0
143600,Kauã Moraes,CRU,LAT,9,5.07,4.3,14.0,0.0,4.78,5.0
104084,Carlos Miguel,PAL,GOL,17,5.06,2.92,10.2,-0.7,5.2,5.0
79437,Roger Machado,SAO,TEC,11,5.06,2.49,9.87,1.87,4.61,5.0
149990,Franclim Carvalho,BOT,TEC,8,5.06,1.74,8.58,3.06,4.16,5.0
99552,Rossi,FLA,GOL,16,5.05,4.28,12.8,0.3,4.7,5.0
83257,Gabriel,SAN,ATA,11,5.04,5.71,16.2,0.0,4.56,5.0
90031,Mendoza,CAP,ATA,16,5.04,3.99,12.0,-0.3,5.0,5.0
101727,Matheuzinho,COR,LAT,13,5.04,3.61,12.7,0.2,6.38,5.0
113157,Nathan Mendes,VIT,LAT,12,5.01,4.08,12.7,0.5,6.86,5.0
100695,Fernando,RBB,ATA,8,5.0,5.7,16.1,-0.3,7.64,5.0
145659,Nicolas,SAO,LAT,1,5.0,0.0,5.0,5.0,5.0,1.0
125803,Pedro Morisco,CFC,GOL,4,5.0,4.52,11.7,1.9,5.0,4.0
98672,Savarino,FLU,MEI,15,5.0,4.38,13.1,-0.2,4.24,5.0
122485,Barros,VAS,MEI,15,4.96,5.01,17.0,-0.1,2.54,5.0
84816,Varela,FLA,LAT,14,4.94,3.03,9.9,-0.3,4.62,5.0
91101,Ronaldo,BAH,GOL,8,4.92,3.18,9.2,0.3,4.62,5.0
115479,Paulo Pezzolano,INT,TEC,18,4.92,2.26,9.45,2.26,5.53,5.0
96870,Emerson Royal,FLA,LAT,7,4.9,3.65,10.0,0.0,5.42,5.0
85626,Léo,CAP,ZAG,2,4.9,0.28,5.1,4.7,4.9,2.0
100898,Vitinho,BOT,LAT,14,4.89,2.54,9.5,0.0,3.86,5.0
115025,Miguelito,SAN,MEI,8,4.88,6.49,17.1,-0.3,6.88,5.0
71631,Weverton,GRE,GOL,17,4.88,4.95,15.9,-1.7,6.08,5.0
111831,Matheus Martins,BOT,ATA,14,4.87,5.87,21.6,0.2,7.46,5.0
78946,Dória,SAO,ZAG,4,4.85,5.37,12.3,0.0,4.85,4.0
111879,Mateus Silva,VIT,LAT,2,4.85,6.86,9.7,0.0,4.85,2.0
133679,Benedetti,PAL,ZAG,2,4.85,0.21,5.0,4.7,4.85,2.0
71684,Gustavo Gómez,PAL,ZAG,16,4.82,4.4,15.5,0.0,2.92,5.0
63008,Rafael Tolói,SAO,ZAG,5,4.82,4.67,10.6,-1.4,4.82,5.0
132412,Román Gómez,BAH,LAT,3,4.77,6.74,12.5,0.1,4.77,3.0
73717,Juan Carlos Osorio,REM,TEC,4,4.76,2.15,6.91,1.97,4.76,4.0
69208,Gabriel Paulista,COR,ZAG,13,4.75,4.84,16.6,-1.6,3.58,5.0
88037,Luís Castro,GRE,TEC,18,4.75,1.91,8.65,2.15,4.34,5.0
101254,Alef Manga,REM,ATA,18,4.72,4.59,16.1,-1.3,5.18,5.0
40990,Dorival Júnior,COR,TEC,8,4.72,2.12,8.77,2.37,3.5,5.0
124526,Giay,PAL,LAT,15,4.71,4.01,11.9,-0.5,6.58,5.0
37457,Léo Condé,REM,TEC,14,4.69,2.07,9.0,2.3,5.57,5.0
110668,Esquivel,CAP,LAT,12,4.68,3.49,10.8,-0.5,3.76,5.0
104783,Acevedo,BAH,MEI,15,4.68,3.02,9.2,-1.9,5.22,5.0
105664,Walter Clar,CHA,LAT,10,4.68,5.15,15.0,-0.3,2.88,5.0
97810,Erick,VIT,ATA,15,4.68,4.68,14.0,0.0,5.94,5.0
110708,Pedro Rangel,CFC,GOL,15,4.64,4.8,15.9,-2.0,2.74,5.0
71043,Léo Vieira,BAH,GOL,9,4.62,3.25,10.2,-1.0,3.38,5.0
103445,Kaio Jorge,CRU,ATA,12,4.6,4.4,13.0,-0.3,5.08,5.0
104754,Juan Vojvoda,SAN,TEC,5,4.59,1.28,6.43,3.09,4.59,5.0
39148,Hulk,CAM,ATA,12,4.55,4.03,14.7,0.5,2.86,5.0
126471,Barreal,SAN,MEI,14,4.54,4.64,12.6,-3.3,6.16,5.0
106708,Igor Formiga,MIR,LAT,13,4.52,3.5,14.0,0.0,3.3,5.0
88393,Ayrton Lucas,FLA,LAT,9,4.52,4.04,12.3,0.0,5.34,5.0
101960,Vitinho,INT,ATA,17,4.5,2.58,8.2,-0.3,4.46,5.0
125467,Viery,GRE,ZAG,13,4.5,3.98,12.8,-1.6,7.72,5.0
72605,Vitor Hugo,CAM,ZAG,6,4.5,5.01,14.5,0.8,5.0,5.0
90061,Bruno Pacheco,CHA,LAT,9,4.49,5.2,12.0,-1.7,6.3,5.0
102887,Bruno Lazaroni,VAS,TEC,1,4.48,0.0,4.48,4.48,4.48,1.0
72294,Everson,CAM,GOL,18,4.47,5.17,15.9,-1.5,4.56,5.0
102796,Julimar,CAP,ATA,11,4.45,4.68,14.4,-0.2,3.74,5.0
100848,Luan Cândido,VIT,LAT,9,4.44,3.86,9.7,0.0,4.48,5.0
145404,Arthur,PAL,LAT,13,4.43,3.54,10.4,-0.3,6.04,5.0
113113,Benavídez,CAP,LAT,13,4.42,3.62,11.4,-0.6,4.46,5.0
37656,Fábio,FLU,GOL,18,4.39,3.53,10.2,-1.5,4.58,5.0
71123,Thiago Mendes,VAS,MEI,16,4.38,3.8,10.9,-0.5,4.08,5.0
103987,Higor Meritão,CHA,MEI,11,4.34,3.44,13.4,0.6,3.4,5.0
124912,Jonathan Jesus,CRU,ZAG,10,4.34,2.99,9.6,0.0,6.0,5.0
110750,Gustavo Marques,RBB,ZAG,16,4.34,2.98,9.7,-0.1,3.66,5.0
107873,Bobadilla,SAO,MEI,14,4.33,4.02,13.0,-0.9,5.12,5.0
130048,Noriega,GRE,ZAG,13,4.31,4.51,15.7,-1.5,2.86,5.0
101290,Ferreira,SAO,ATA,13,4.31,7.06,26.0,0.0,4.58,5.0
84735,Jorginho,FLA,MEI,11,4.3,4.88,14.7,-1.8,7.02,5.0
82455,Zé Rafael,SAN,MEI,5,4.28,4.51,10.1,0.0,4.28,5.0
140906,Davi Gomes,RBB,ATA,2,4.25,2.76,6.2,2.3,4.25,2.0
145744,André,COR,MEI,13,4.25,5.79,18.4,-3.9,3.04,5.0
78117,Everaldo,BAH,ATA,14,4.25,5.59,18.8,0.0,3.0,5.0
105436,Carrascal,FLA,MEI,12,4.23,5.41,15.2,-3.3,4.54,5.0
80570,Wendell,SAO,LAT,12,4.22,4.92,13.7,-1.7,5.1,5.0
93368,Lucas Veríssimo,SAN,ZAG,11,4.21,3.63,11.5,0.0,3.04,5.0
89256,Gerson,CRU,MEI,17,4.21,2.96,12.1,0.2,4.46,5.0
104085,Bruno Fuchs,PAL,ZAG,7,4.21,3.01,9.5,0.0,4.72,5.0
95799,Artur,BOT,ATA,4,4.2,2.68,8.0,2.0,6.7,5.0
72391,Fernando Diniz,VAS,TEC,3,4.2,1.45,5.73,2.86,5.96,5.0
108133,Isidro Pitta,RBB,ATA,17,4.19,5.76,18.0,-1.0,4.98,5.0
73481,Gilmar Dal Pozzo,CHA,TEC,8,4.19,2.1,7.95,1.73,3.09,5.0
95556,Raniele,COR,MEI,15,4.18,3.7,11.4,-1.2,5.36,5.0
104027,Rafael Guanaes,MIR,TEC,16,4.17,1.78,8.2,1.93,4.92,5.0
116461,Jamerson,VIT,LAT,6,4.17,3.02,7.8,0.0,3.7,5.0
83528,Léo Pereira,FLA,ZAG,13,4.16,4.42,17.4,-0.3,3.72,5.0
142004,Amuzu,GRE,ATA,16,4.15,3.84,11.5,0.4,2.7,5.0
109987,Medina,BOT,MEI,10,4.13,5.4,17.0,-3.3,6.56,5.0
97867,Léo Ortiz,FLA,ZAG,16,4.1,3.81,13.0,-0.3,3.12,5.0
84558,Lucas Romero,CRU,MEI,12,4.09,3.5,11.4,-0.3,3.1,5.0
113397,Cristian Olivera,BAH,ATA,16,4.09,3.23,11.0,0.2,1.38,5.0
70163,Milton Cruz,SAO,TEC,1,4.08,0.0,4.08,4.08,4.08,1.0
107256,Zé Vitor,VIT,MEI,9,4.07,4.96,13.4,-1.2,5.62,5.0
104075,Sabino,SAO,ZAG,15,4.05,3.55,10.4,-0.3,3.24,5.0
109401,Erick Pulga,BAH,ATA,17,4.05,2.2,7.7,0.9,5.08,5.0
73318,Daniel Borges,MIR,LAT,5,4.04,2.48,7.9,1.3,4.04,5.0
68685,Alan Patrick,INT,MEI,14,4.03,4.18,12.5,0.0,3.16,5.0
97878,Jacy,CFC,ZAG,15,4.03,4.15,13.0,-1.3,4.02,5.0
114040,Minda,CAM,ATA,9,4.03,4.52,13.1,0.0,5.72,5.0
116447,Hércules,FLU,MEI,16,4.01,3.94,10.1,-0.6,0.44,5.0
87552,Vitor Bueno,REM,MEI,11,4.01,5.26,17.8,0.0,4.86,5.0
123717,Zé Guilherme,BAH,LAT,1,4.0,0.0,4.0,4.0,4.0,1.0
101574,Hugo Souza,COR,GOL,15,4.0,4.81,15.9,-1.7,1.74,5.0
130232,Caio Roque,BOT,LAT,3,4.0,3.12,7.5,1.5,4.0,3.0
63289,Edenílson,GRE,MEI,3,4.0,3.5,8.0,1.5,0.36,5.0
106302,Preciado,CAM,LAT,7,4.0,3.88,10.6,-0.3,5.22,5.0
91573,Arboleda,SAO,ZAG,6,3.98,3.07,7.5,0.0,3.28,5.0
117910,Breno Bidon,COR,MEI,16,3.98,4.13,14.7,0.2,5.48,5.0
82730,Marcelo Rangel,REM,GOL,17,3.97,3.35,11.5,-3.0,6.4,5.0
96793,Camutanga,VIT,ZAG,7,3.96,4.58,10.4,-1.5,3.48,5.0
104330,Dudu,VIT,MEI,2,3.95,6.01,8.2,-0.3,3.95,2.0
87887,Balbuena,GRE,ZAG,7,3.94,3.57,9.0,-0.1,4.32,5.0
72951,Mercado,INT,ZAG,11,3.91,4.2,13.0,-1.9,3.24,5.0
91908,Pavón,GRE,ATA,16,3.91,3.55,14.4,0.0,4.44,5.0
141594,Pedro Gabriel,GRE,LAT,9,3.91,2.2,6.8,-0.3,3.86,5.0
104758,Enzo Díaz,SAO,LAT,13,3.9,3.89,12.8,0.0,2.58,5.0
98022,Erick,BAH,MEI,14,3.88,4.74,15.5,0.0,4.98,5.0
105373,Gabriel Xavier,BAH,ZAG,6,3.87,2.59,6.5,-0.3,3.34,5.0
124239,Henry Mosquera,RBB,ATA,14,3.84,3.04,8.7,-1.1,3.74,5.0
101715,Alerrandro,INT,ATA,17,3.84,5.19,16.1,-0.3,6.72,5.0
105089,Tetê,GRE,ATA,14,3.84,3.42,11.3,-0.3,3.62,5.0
84339,Bruno Melo,CFC,LAT,16,3.83,3.4,9.5,-2.5,2.5,5.0
116034,Victor Hugo,CAM,MEI,15,3.8,3.95,13.3,0.0,1.92,5.0
92087,Lyanco,CAM,ZAG,7,3.8,4.91,10.5,-1.0,2.22,5.0
110510,Aguirre,INT,LAT,12,3.78,2.25,8.0,0.8,5.54,5.0
130843,Arthur Dias,CAP,ZAG,15,3.75,2.98,9.2,0.0,3.46,5.0
68822,Rafael Santos,CHA,GOL,4,3.75,3.29,8.1,1.2,3.75,4.0
71536,Luiz Gustavo,CAP,MEI,11,3.74,4.06,11.9,0.7,4.42,5.0
61987,Alex Sandro,FLA,LAT,12,3.73,3.75,11.2,-1.3,3.38,5.0
72493,Alex Telles,BOT,LAT,14,3.72,3.9,10.0,-0.8,1.6,5.0
88293,Neto Pessoa,CHA,ATA,8,3.72,4.92,14.1,0.0,5.14,5.0
101908,Willian Machado,MIR,ZAG,14,3.72,3.53,10.4,-0.3,5.4,5.0
104191,Raul,BOT,GOL,7,3.71,2.41,7.1,0.9,4.12,5.0
148125,Ryan Augusto,RBB,LAT,5,3.7,4.39,11.2,-0.1,3.7,5.0
69012,Santos,CAP,GOL,16,3.7,3.63,11.5,-0.7,4.36,5.0
82628,Tinga,CFC,LAT,11,3.67,3.15,11.0,0.0,5.28,5.0
91772,David Duarte,BAH,ZAG,11,3.65,4.13,11.9,-1.5,3.66,5.0
124424,Rodrigo Castillo,FLU,ATA,12,3.65,4.94,13.3,-1.3,4.26,5.0
132553,Jemmes,FLU,ZAG,14,3.64,3.22,9.2,-0.3,3.38,5.0
90302,Pedro Rocha,CFC,ATA,18,3.64,3.88,12.8,-1.8,2.84,5.0
106202,Bruno Gomes,INT,MEI,18,3.64,2.79,10.0,-0.3,4.66,5.0
71898,Gabriel Pires,MIR,MEI,6,3.63,2.51,6.8,0.8,4.2,5.0
107516,Ênio,CHA,ATA,9,3.62,2.69,8.4,0.2,3.26,5.0
117930,Lavega,CFC,ATA,17,3.62,4.37,13.5,-0.4,5.28,5.0
88717,Celso Rodrigues,CHA,TEC,3,3.61,0.33,3.99,3.35,3.61,3.0
139076,Filipe Luís,FLA,TEC,2,3.6,0.49,3.95,3.26,3.6,2.0
108469,Adonis Frías,SAN,ZAG,7,3.59,5.36,15.2,-0.1,5.04,5.0
97899,Matheus Bahia,INT,LAT,10,3.59,2.7,7.6,-0.6,5.1,5.0
89275,William,CRU,LAT,8,3.58,3.19,9.5,-0.3,4.62,5.0
84626,Josué,CFC,MEI,17,3.56,4.42,13.9,-1.0,5.44,5.0
78248,Gustavo Henrique,COR,ZAG,14,3.55,3.29,9.2,-0.3,3.28,5.0
141754,Gabriel Bontempo,SAN,MEI,15,3.54,3.86,14.3,-0.3,5.06,5.0
83433,Patrick,REM,MEI,15,3.54,3.47,9.7,0.1,6.46,5.0
68928,Rafael,SAO,GOL,18,3.54,2.51,7.6,-0.7,2.0,5.0
92696,Renato Kayzer,VIT,ATA,11,3.52,4.39,11.7,-0.7,3.08,5.0
111682,Adson,VAS,MEI,8,3.51,2.43,8.1,0.5,4.34,5.0
97653,Murilo,PAL,ZAG,15,3.51,4.22,16.0,-0.9,3.0,5.0
87228,Guilherme Arana,FLU,LAT,13,3.51,3.14,9.1,-0.3,3.16,5.0
107985,Terán,CAP,ZAG,10,3.5,4.64,14.7,-0.3,4.28,5.0
97906,Riccieli,VIT,ZAG,2,3.5,2.12,5.0,2.0,3.5,2.0
106104,Enamorado,GRE,ATA,17,3.49,2.27,8.2,0.0,2.06,5.0
103388,Emmanuel Martínez,VIT,MEI,13,3.48,2.56,6.7,-0.6,2.12,5.0
141611,Maik,SAO,LAT,5,3.48,2.52,6.5,0.0,3.48,5.0
145400,Cauê,RBB,LAT,3,3.47,3.1,5.5,-0.1,3.47,3.0
90703,Matheuzinho,VIT,MEI,15,3.47,2.93,8.7,0.0,4.38,5.0
128431,João Cruz,CAP,MEI,11,3.46,3.43,11.2,0.0,4.54,5.0
102906,Anderson,CHA,GOL,6,3.45,4.72,11.5,-2.0,1.84,5.0
110715,Andrés Hurtado,RBB,LAT,12,3.45,3.34,9.5,-0.6,4.34,5.0
99818,Paulinho,PAL,ATA,5,3.44,4.2,8.0,-0.1,3.44,5.0
101807,Oliva,SAN,MEI,11,3.44,2.88,7.5,-0.3,2.48,5.0
97642,Félix Torres,INT,ZAG,12,3.44,3.26,10.2,-0.1,4.96,5.0
102318,Caio Paulista,GRE,LAT,7,3.43,3.04,8.8,-0.3,4.0,5.0
94514,Lucas Oliveira,MIR,ZAG,7,3.41,4.11,12.0,0.5,4.4,5.0
123869,Aguirre,CAP,ZAG,13,3.41,3.59,10.3,-1.7,4.1,5.0
90917,Carlos Eduardo,MIR,ATA,10,3.38,4.64,15.9,0.5,5.36,5.0
100652,Yuri Alberto,COR,ATA,14,3.36,4.36,14.5,-0.3,4.92,5.0
150825,Breno,RBB,ZAG,2,3.35,4.74,6.7,0.0,3.35,2.0
105949,Rochet,INT,GOL,11,3.33,2.6,8.1,-0.2,3.9,5.0
73384,Samuel Xavier,FLU,LAT,12,3.33,2.74,9.6,-0.8,1.48,5.0
132264,Arroyo,CRU,ATA,15,3.31,4.0,11.8,-1.2,5.34,5.0
111683,Anthoni,INT,GOL,7,3.3,4.07,11.5,-0.7,4.44,5.0
107453,João Paulo,CHA,ZAG,6,3.3,5.29,12.3,-1.1,2.56,5.0
113125,Picco,REM,MEI,15,3.27,3.5,11.2,-0.2,1.32,5.0
101319,Guga,FLU,LAT,11,3.27,4.58,15.7,-0.3,4.84,5.0
90532,Arthur Melo,GRE,MEI,10,3.27,2.31,6.0,-1.0,2.72,5.0
111309,Gustavo Martins,GRE,ZAG,11,3.25,3.9,10.2,-1.0,4.1,5.0
94154,Maycon,CAM,MEI,10,3.24,3.48,10.7,-0.3,4.36,5.0
45125,Tite,CRU,TEC,5,3.23,1.53,5.33,1.37,3.23,5.0
111690,Matheus Cunha,CRU,GOL,9,3.23,4.11,10.0,-2.7,4.46,5.0
70800,Jorge Sampaoli,CAM,TEC,2,3.22,0.83,3.81,2.63,3.22,2.0
78855,Thiago Santos,CFC,ZAG,11,3.21,3.3,9.4,-1.3,3.96,5.0
87225,Pedro Henrique,RBB,ZAG,11,3.2,1.88,5.5,0.2,3.24,5.0
107771,Fábio Matias,CHA,TEC,6,3.18,1.1,4.5,1.63,3.39,5.0
118563,Rodriguinho,RBB,MEI,9,3.18,3.4,9.9,-0.6,3.0,5.0
124757,Nathan Fernandes,BOT,ATA,3,3.17,2.84,5.5,0.0,3.17,3.0
78605,Gabriel,RBB,MEI,16,3.17,3.05,11.0,-0.3,3.86,5.0
110144,Spinelli,VAS,ATA,12,3.17,3.14,9.7,0.0,4.22,5.0
112017,Felipinho,CAP,MEI,7,3.17,4.04,9.2,-1.9,4.14,5.0
101820,Mayk,REM,LAT,10,3.15,2.44,8.0,0.5,2.86,5.0
147883,João Vitor,VAS,ATA,4,3.12,5.01,10.5,0.0,3.12,4.0
104519,Camilo,CHA,MEI,14,3.12,1.89,6.9,0.2,3.64,5.0
120433,Léo Derik,CAP,LAT,8,3.11,3.6,10.0,0.0,2.98,5.0
105300,Ferraresi,SAO,ZAG,2,3.1,4.81,6.5,-0.3,3.26,5.0
114405,Sinisterra,CRU,ATA,6,3.1,3.77,9.7,0.0,3.38,5.0
150180,Ramon Rique,VAS,MEI,2,3.1,2.26,4.7,1.5,3.1,2.0
87999,Gustavo Scarpa,CAM,MEI,10,3.09,3.27,9.0,-0.3,4.08,5.0
102340,Cacá,VIT,ZAG,12,3.08,4.2,13.0,-1.6,1.78,5.0
70666,Marllon,REM,ZAG,18,3.07,2.58,7.7,-0.3,2.34,5.0
115986,Denilson,MIR,MEI,10,3.04,4.37,13.7,-1.9,5.02,5.0
136955,Sanabria,BAH,ATA,11,3.04,3.39,8.5,-1.1,2.98,5.0
97868,Iago,BAH,LAT,3,3.03,3.15,5.0,-0.6,3.03,3.0
97468,Marçal,BOT,LAT,4,3.02,4.21,8.0,-0.9,3.02,4.0
130414,Robert,CHA,MEI,1,3.0,0.0,3.0,3.0,3.0,1.0
82627,Luiz Araújo,FLA,ATA,11,2.99,5.21,17.6,-0.3,2.08,5.0
63289,Edenílson,BOT,MEI,11,2.99,5.83,18.4,-1.3,0.36,5.0
99789,Brenner,VAS,ATA,13,2.98,2.78,8.9,0.0,2.42,5.0
102667,Nathan Fogaça,MIR,ATA,9,2.98,4.17,11.6,-0.9,1.24,5.0
132071,Serna,FLU,ATA,18,2.96,3.37,10.8,-0.3,4.64,5.0
131516,JP Chermont,CFC,LAT,11,2.95,4.03,13.0,0.0,0.62,5.0
100342,Léo Andrade,REM,ZAG,4,2.95,1.59,5.0,1.2,2.95,4.0
87470,Thaciano,SAN,MEI,10,2.95,3.6,10.0,0.0,3.2,5.0
93716,Paulo Henrique,VAS,LAT,12,2.94,3.3,9.7,-1.5,1.78,5.0
80313,Gilberto,BAH,LAT,7,2.94,2.02,6.2,0.5,2.48,5.0
143153,Tarzia,VIT,ATA,12,2.93,4.03,11.0,-1.3,6.44,5.0
80129,Jadson,CAP,MEI,11,2.92,4.64,16.0,-0.8,5.04,5.0
123360,Cauly,SAO,MEI,12,2.92,2.74,9.5,-0.3,2.72,5.0
111246,Alix Vinicius,RBB,ZAG,15,2.89,3.5,9.7,-4.8,3.84,5.0
95332,Marcinho,CHA,ATA,16,2.89,2.93,9.7,-0.3,2.98,5.0
51413,Walter,MIR,GOL,16,2.89,2.4,6.3,-1.0,2.46,5.0
92854,Borré,INT,ATA,18,2.88,3.56,12.0,-0.9,2.54,5.0
68806,Neto,BOT,GOL,10,2.88,3.89,10.2,-1.7,2.66,5.0
105214,Santiago Rodríguez,BOT,MEI,2,2.85,4.03,5.7,0.0,2.14,5.0
68996,Willian José,BAH,ATA,16,2.84,3.39,9.5,-0.6,2.54,5.0
141595,Gabriel Mec,GRE,ATA,14,2.82,4.55,14.5,-1.3,6.64,5.0
104257,João Lucas,REM,LAT,6,2.82,2.77,6.2,-0.8,2.94,5.0
85403,Danielzinho,SAO,MEI,16,2.81,2.46,7.6,-0.3,2.16,5.0
147090,Kauã Pascini,CAM,LAT,4,2.8,2.45,5.0,0.0,2.8,4.0
124481,Mateo Ponte,BOT,LAT,8,2.8,2.74,6.2,-0.8,3.3,5.0
68708,Eduardo,MIR,MEI,11,2.78,2.94,8.5,-1.0,2.5,5.0
100987,Nonato,FLU,MEI,6,2.78,2.93,6.4,-0.1,2.06,5.0
122394,Gustavinho,RBB,MEI,14,2.78,3.78,12.2,-0.8,1.7,5.0
104994,Wagner Leonardo,GRE,ZAG,9,2.78,3.07,8.0,-1.4,2.7,5.0
87008,Léo Jardim,VAS,GOL,18,2.78,2.69,8.9,-1.0,4.46,5.0
68920,Dudu,CAM,ATA,12,2.78,3.94,12.0,0.0,3.22,5.0
91971,Wesley Carvalho,CRU,TEC,1,2.75,0.0,2.75,2.75,2.75,1.0
90943,Zé Marcos,VIT,ZAG,2,2.75,1.91,4.1,1.4,2.75,2.0
142890,Montoro,BOT,MEI,14,2.74,2.42,6.5,-1.0,0.7,5.0
70592,Felipe Anderson,PAL,MEI,13,2.73,3.32,10.5,-0.4,3.88,5.0
109336,Rafael Carvalheira,CHA,MEI,14,2.72,3.82,10.3,-2.0,3.32,5.0
105175,Khellven,PAL,LAT,13,2.72,2.83,8.5,-0.3,3.24,5.0
102256,Rollheiser,SAN,MEI,13,2.71,4.88,15.4,-1.3,6.56,5.0
105068,Reinier,CAM,MEI,14,2.71,4.11,16.0,-0.3,2.3,5.0
93790,Marlon Freitas,PAL,MEI,17,2.71,4.78,19.1,-1.6,1.66,5.0
78478,Willian Arão,SAN,MEI,12,2.71,2.51,7.7,0.0,2.74,5.0
97900,Vitão,FLA,ZAG,6,2.7,3.38,6.5,-1.6,1.94,5.0
92182,Juninho,INT,ZAG,3,2.67,2.02,5.0,1.5,2.67,3.0
100842,Ruan,CAM,ZAG,15,2.67,3.34,10.2,-1.3,1.02,5.0
72460,Bernard,CAM,MEI,15,2.67,3.16,9.2,-0.6,4.76,5.0
104134,Fabri,VIT,ATA,7,2.66,2.91,7.7,-0.3,1.1,5.0
93372,João Basso,SAN,ZAG,2,2.65,0.49,3.0,2.3,2.65,2.0
40990,Dorival Júnior,SAO,TEC,2,2.63,1.23,3.5,1.76,3.5,5.0
142484,Barrera,BOT,MEI,10,2.62,3.52,11.7,-0.3,3.18,5.0
103056,Gabriel Brazão,SAN,GOL,15,2.61,4.97,10.2,-6.0,1.14,5.0
105647,Maurício,PAL,MEI,15,2.61,3.16,11.7,-0.8,1.64,5.0
106294,Marcos Antônio,SAO,MEI,12,2.59,3.04,8.7,-0.6,1.82,5.0
101708,Felipe Jonatan,CFC,LAT,11,2.59,2.69,8.0,-0.4,3.22,5.0
93882,Cleiton,RBB,GOL,7,2.56,3.51,7.6,-2.0,0.8,5.0
111466,Victor Gabriel,INT,ZAG,15,2.54,2.39,7.4,-0.8,2.4,5.0
94067,Matheus Fernandes,RBB,MEI,11,2.54,1.85,5.2,-0.3,3.04,5.0
104811,Sebastián Gómez,CFC,MEI,15,2.53,1.95,6.5,-0.3,3.14,5.0
112863,Ramón Sosa,PAL,ATA,15,2.52,3.39,9.7,-0.6,4.24,5.0
113034,Freytes,FLU,ZAG,15,2.51,2.43,8.6,0.0,1.76,5.0
143173,Leonel Pérez,GRE,MEI,10,2.51,2.82,7.1,-1.9,4.06,5.0
102911,Zé Ricardo,REM,MEI,16,2.51,3.15,7.0,-2.8,1.24,5.0
115141,Lucas Freitas,VAS,ZAG,2,2.5,3.54,5.0,0.0,2.5,2.0
101594,Hugo Moura,VAS,MEI,11,2.49,3.19,9.2,-0.6,4.04,5.0
92981,Ronaldo,INT,MEI,8,2.49,4.75,13.9,-0.3,1.02,5.0
132580,Vinicinho,RBB,ATA,8,2.48,2.12,6.1,0.0,3.36,5.0
111832,Jefté,PAL,LAT,7,2.47,4.05,9.6,-1.3,3.58,5.0
95555,Sávio,REM,LAT,3,2.47,2.28,4.5,0.0,2.47,3.0
86859,José Welison,REM,MEI,15,2.46,3.27,9.5,-1.9,4.48,5.0
42500,Fagner,CRU,LAT,12,2.46,2.81,7.9,-1.1,1.86,5.0
98720,Angileri,COR,LAT,6,2.45,1.65,5.0,0.5,2.44,5.0
130650,Bernal,FLU,MEI,10,2.45,2.9,7.6,-1.3,3.14,5.0
80196,Yago Pikachu,REM,MEI,17,2.45,2.84,9.0,0.0,3.6,5.0
80061,Saúl,FLA,MEI,6,2.43,2.93,6.5,-0.3,1.62,5.0
141868,Vinicius Lira,SAN,LAT,4,2.42,1.34,3.6,0.9,2.43,4.0
39656,Alan Franco,CAM,MEI,15,2.42,2.61,7.9,-0.6,1.78,5.0
105300,Ferraresi,BOT,ZAG,12,2.41,3.51,12.1,-2.9,3.26,5.0
112576,Vini Paulista,CFC,MEI,18,2.4,2.28,7.7,0.0,1.34,5.0
146375,Kadir,BOT,ATA,8,2.4,2.01,5.7,-0.1,3.08,5.0
149715,Rafael Gonzaga,SAN,LAT,1,2.4,0.0,2.4,2.4,2.4,1.0
70958,Jean Carlos,CHA,MEI,17,2.39,3.95,13.0,-1.3,0.24,5.0
109127,Tiago Cóser,CFC,ZAG,15,2.37,3.16,8.8,-3.3,1.04,5.0
104666,Moisés,SAN,ATA,13,2.37,3.3,9.5,-0.3,0.54,5.0
90309,David,VAS,ATA,15,2.36,3.1,9.5,-0.3,1.42,5.0
126182,Paulinho,INT,MEI,13,2.33,2.88,8.2,-1.1,1.76,5.0
81150,Mayke,SAN,LAT,3,2.33,1.55,4.1,1.2,2.33,3.0
101405,Wallisson,CFC,MEI,12,2.33,2.25,7.2,0.0,1.88,5.0
101393,Eduardo Doma,CHA,ZAG,15,2.33,3.29,8.5,-4.3,-0.16,5.0
106593,Villalba,CRU,ZAG,9,2.32,2.74,8.2,0.0,3.46,5.0
142279,Nuno Moreira,VAS,MEI,15,2.31,2.66,9.7,-0.3,1.68,5.0
70164,Lucas Moura,SAO,MEI,8,2.31,3.39,8.5,-0.3,0.72,5.0
149994,Jhuan Nunes,RBB,ATA,1,2.3,0.0,2.3,2.3,2.3,1.0
88312,Junior Alonso,CAM,ZAG,10,2.29,2.53,6.5,-1.8,0.94,5.0
118775,Lautaro Díaz,SAN,ATA,8,2.29,3.53,9.6,0.0,2.4,5.0
122138,João Vitor,CHA,MEI,11,2.28,2.12,5.8,-0.3,2.5,5.0
105214,Santi Rodríguez,BOT,MEI,7,2.27,1.59,4.9,-0.1,2.14,5.0
105903,Aldo Filho,MIR,MEI,14,2.26,2.44,6.5,-0.8,2.76,5.0
101002,Júnior Santos,BOT,ATA,8,2.25,3.13,9.4,-0.1,3.1,5.0
103523,Ignácio,FLU,ZAG,7,2.23,3.29,9.3,-0.3,0.94,5.0
91607,Rony,SAN,ATA,13,2.23,1.68,5.5,0.0,2.18,5.0
126120,Marcelinho,RBB,MEI,4,2.22,3.2,6.3,-0.7,2.22,4.0
78850,Reinaldo,MIR,LAT,13,2.2,2.96,7.2,-1.0,4.86,5.0
130608,Riquelme Fillipi,PAL,ATA,2,2.2,3.54,4.7,-0.3,2.2,2.0
145563,João Ananias,SAN,ZAG,3,2.2,2.0,4.5,0.9,2.2,3.0
123738,Herrera,RBB,ATA,14,2.17,2.56,8.0,-0.4,0.9,5.0
92440,André Ramalho,COR,ZAG,5,2.16,1.73,5.2,0.9,2.16,5.0
105584,Lucas Piton,VAS,LAT,13,2.14,3.87,14.0,-0.6,3.86,5.0
78435,Vitinho,COR,ATA,7,2.13,1.22,4.3,0.8,2.36,5.0
90588,Caíque,VIT,MEI,14,2.1,1.41,4.8,0.2,1.72,5.0
117403,Renato Marques,MIR,ATA,1,2.1,0.0,2.1,2.1,0.36,5.0
141337,Lucas Taverna,CFC,LAT,3,2.1,2.67,5.1,0.0,2.1,3.0
95362,Cassierra,CAM,ATA,14,2.09,4.01,12.1,-0.3,5.16,5.0
104204,Edson Carioca,MIR,ATA,10,2.09,2.67,9.0,-0.3,2.98,5.0
71227,Maicon,CFC,ZAG,13,2.08,2.52,7.0,-0.3,1.12,5.0
105157,Villagra,INT,MEI,13,2.08,1.51,5.3,0.0,1.32,5.0
100804,Tchamba,REM,ZAG,14,2.08,3.26,8.0,-4.9,2.48,5.0
86292,Bolasie,CHA,ATA,14,2.08,3.06,10.4,-2.0,4.32,5.0
90768,Fabrício Bruno,CRU,ZAG,17,2.08,2.62,9.2,-1.3,1.2,5.0
117330,Robert Renan,VAS,ZAG,18,2.07,2.75,11.0,-0.3,3.66,5.0
99889,Alan Franco,SAO,ZAG,13,2.07,2.81,7.0,-1.6,0.84,5.0
108162,Nardoni,GRE,MEI,11,2.04,3.2,11.0,-0.6,1.24,5.0
69140,Allan,BOT,MEI,10,2.03,1.81,5.7,-0.8,2.14,5.0
108683,Emiliano Martínez,PAL,MEI,6,2.03,1.82,4.5,0.0,2.44,5.0
118655,Saldivia,VAS,ZAG,10,2.01,1.39,4.2,-0.3,1.86,5.0
147560,Caio Suassuna,BAH,ATA,1,2.0,0.0,2.0,2.0,2.0,1.0
85048,Memphis Depay,COR,ATA,7,1.99,3.51,9.3,-0.3,1.96,5.0
84847,Luan Peres,SAN,ZAG,14,1.99,2.91,7.0,-2.9,0.92,5.0
104036,Labyad,COR,MEI,8,1.99,2.81,7.4,-0.5,2.32,5.0
97460,João Victor,MIR,ZAG,16,1.99,2.19,5.9,-2.8,1.6,5.0
105990,Santiago Mingo,BAH,ZAG,15,1.97,3.17,7.0,-1.8,1.28,5.0
81720,Lingard,COR,ATA,9,1.96,2.15,5.2,-2.2,3.16,5.0
109573,Martinelli,FLU,MEI,12,1.95,2.44,7.5,-1.9,2.16,5.0
104693,Newton,BOT,MEI,7,1.94,2.29,5.2,-1.0,1.44,5.0
110598,Marino Hinestroza,VAS,ATA,8,1.92,2.39,7.3,-0.3,2.2,5.0
105047,João Marcelo,CRU,ZAG,5,1.92,3.09,6.9,-0.3,1.92,5.0
147088,Cissé,CAM,MEI,8,1.91,3.14,9.2,-0.2,2.4,5.0
70944,Bruno Henrique,INT,MEI,15,1.91,1.71,5.2,-0.6,3.14,5.0
91866,Zé Ivaldo,SAN,ZAG,4,1.9,3.35,6.0,-1.3,1.9,4.0
122441,Kayky Almeida,REM,ZAG,7,1.89,1.4,4.1,0.0,2.22,5.0
97095,Carlos Cuesta,VAS,ZAG,8,1.88,3.48,8.5,-1.1,2.58,5.0
92811,Bruno Rodrigues,CRU,ATA,9,1.88,2.34,7.5,-0.1,3.06,5.0
104470,Everton,CHA,LAT,14,1.86,2.1,6.4,-1.0,1.58,5.0
125746,Dudu,CAP,MEI,11,1.84,4.18,14.2,-0.6,0.8,5.0
81952,Willian Oliveira,CFC,MEI,10,1.84,2.33,7.9,-0.6,0.82,5.0
97520,Shaylon,MIR,MEI,13,1.84,2.77,9.5,-0.3,1.38,5.0
100742,Matheus Henrique,CRU,MEI,17,1.81,1.94,4.5,-1.0,2.16,5.0
103347,Matheus Alexandre,REM,LAT,7,1.8,2.77,6.5,-0.3,1.18,5.0
142877,Villalba,BOT,ATA,8,1.79,4.22,11.0,-1.6,2.28,5.0
86686,Tchê Tchê,VAS,MEI,12,1.78,2.78,9.7,0.0,1.72,5.0
142086,Kauan Toledo,BOT,ATA,3,1.77,1.42,3.4,0.9,1.77,3.0
146040,João Pedro,REM,ATA,6,1.75,4.45,10.5,-1.0,2.3,5.0
68952,Marinho,VIT,ATA,6,1.75,1.58,3.6,0.0,1.38,5.0
130620,Edenílson,VIT,MEI,8,1.74,2.13,4.2,-1.8,2.02,5.0
84042,Tiquinho Soares,MIR,ATA,7,1.74,1.09,3.1,0.5,1.58,5.0
123625,Ítalo,CHA,ATA,15,1.71,1.59,5.0,-0.1,1.28,5.0
133690,Bruno Lopes,VAS,ATA,1,1.7,0.0,1.7,1.7,1.7,1.0
141406,Andrey Fernandes,VAS,ATA,1,1.7,0.0,1.7,1.7,1.7,1.0
128433,Johan Rojas,VAS,MEI,15,1.68,1.81,5.2,-1.0,1.38,5.0
110605,Vinícius Balieiro,CHA,MEI,3,1.67,2.08,4.0,0.0,1.67,3.0
121824,Kayke,COR,ATA,6,1.65,1.66,4.4,0.0,1.68,5.0
101314,Ademir,BAH,ATA,17,1.64,1.62,5.2,-0.8,1.44,5.0
116066,Rubens,CHA,ATA,7,1.63,2.88,8.0,0.0,0.68,5.0
147194,Bruninho,CAP,MEI,8,1.62,2.14,5.0,-0.3,2.56,5.0
97432,Victor Caetano,CHA,ZAG,8,1.6,2.0,5.0,-1.0,0.48,5.0
90285,Bruno Henrique,FLA,ATA,11,1.6,2.01,5.8,-0.8,2.42,5.0
122781,Caballero,SAN,ATA,1,1.6,0.0,1.6,1.6,1.6,1.0
83263,Yuri Lara,MIR,MEI,6,1.58,3.23,5.5,-3.3,0.8,5.0
132274,Ignacio Sosa,RBB,MEI,14,1.57,2.29,6.7,-1.3,2.06,5.0
87742,Neto Moura,MIR,MEI,11,1.56,2.21,5.8,-1.6,1.26,5.0
124270,Allex,INT,MEI,8,1.55,1.41,3.7,0.0,1.04,5.0
110426,Bernabéi,INT,LAT,3,1.53,1.29,3.0,0.6,8.72,5.0
77777,João Schmidt,SAN,MEI,9,1.52,1.57,3.3,-0.3,1.26,5.0
123016,David Braga,REM,MEI,6,1.52,2.09,5.0,-0.8,1.38,5.0
105842,Edu,VIT,ZAG,1,1.5,0.0,1.5,1.5,1.5,1.0
115914,Evertton Araújo,FLA,MEI,12,1.5,3.07,10.0,-1.3,2.7,5.0
147545,Jefinho,GRE,MEI,1,1.5,0.0,1.5,1.5,1.5,1.0
86863,Luiz Otávio,MIR,ZAG,1,1.5,0.0,1.5,1.5,1.5,1.0
141405,Avellar,VAS,LAT,1,1.5,0.0,1.5,1.5,1.5,1.0
141776,Gustavo Henrique,SAN,MEI,8,1.5,1.67,4.2,-1.7,1.5,5.0
97969,Marcos Vinícius,CHA,LAT,9,1.48,2.33,5.2,-1.3,0.94,5.0
141995,Dieguinho,COR,MEI,8,1.46,3.04,8.8,0.0,1.76,5.0
108588,Tapia,SAO,ATA,11,1.46,1.49,3.8,0.0,0.34,5.0
137542,Kaique Kenji,CRU,ATA,7,1.44,3.0,8.0,-0.5,2.02,5.0
126189,Tomás Pérez,CAM,MEI,10,1.44,2.2,5.9,-1.2,0.68,5.0
146430,Justino,BOT,ZAG,6,1.42,1.07,3.0,0.0,1.3,5.0
106434,Eduardo Santos,RBB,ZAG,3,1.4,2.42,4.2,0.0,1.4,3.0
107700,Eduardo Melo,REM,ATA,1,1.4,0.0,1.4,1.4,1.4,1.0
147268,Anderson Pato,VIT,ATA,4,1.38,0.25,1.5,1.0,1.38,4.0
125926,Zapelli,CAP,MEI,13,1.37,2.15,6.7,-1.0,0.12,5.0
133543,Gui Negão,COR,ATA,4,1.35,1.56,2.7,0.0,1.35,4.0
86757,Everton,FLA,ATA,8,1.35,1.4,3.4,-0.6,0.44,5.0
127970,Felipe Chiqueti,CAP,MEI,7,1.34,0.95,2.5,0.0,1.1,5.0
91473,Erick Pulgar,FLA,MEI,7,1.34,1.99,4.4,-0.4,1.26,5.0
95620,Bruno Leonardo,CHA,ZAG,14,1.34,2.46,5.0,-3.0,1.08,5.0
42234,Cássio,CRU,GOL,5,1.32,4.61,8.9,-2.7,1.32,5.0
121792,André,GRE,ATA,5,1.32,1.87,3.3,-1.0,1.32,5.0
77485,Carrillo,COR,MEI,13,1.32,2.06,5.0,-1.6,0.96,5.0
84674,Lucas Evangelista,PAL,MEI,16,1.31,1.26,5.0,-0.3,1.48,5.0
130612,Luighi,PAL,ATA,7,1.31,1.29,3.4,0.0,1.84,5.0
130279,Lukas Zuccarello,VAS,MEI,1,1.3,0.0,1.3,1.3,1.3,1.0
93478,Wanderson,CRU,ATA,14,1.29,2.39,9.2,-0.3,0.86,5.0
111829,Kayky,INT,ATA,6,1.27,1.57,3.2,0.0,1.52,5.0
113359,Pablo Maia,SAO,MEI,10,1.27,2.06,5.7,-0.6,1.18,5.0
90608,Chico da Costa,CRU,ATA,7,1.24,2.62,7.1,-0.3,0.14,5.0
108131,Garcez,CHA,ATA,8,1.22,1.26,3.3,-0.4,0.86,5.0
131832,Portilla,CAP,MEI,13,1.22,2.3,4.7,-1.6,0.78,5.0
147546,Roger,GRE,MEI,2,1.2,0.0,1.2,1.2,1.2,2.0
133673,Mateus Xavier,SAN,ATA,1,1.2,0.0,1.2,1.2,1.2,1.0
106323,Caio Alexandre,BAH,MEI,11,1.2,1.75,4.4,-1.3,0.6,5.0
146991,Rhuan Gabriel,CRU,MEI,1,1.2,0.0,1.2,1.2,1.2,1.0
89918,Everton Galdino,MIR,ATA,7,1.2,2.04,5.7,-0.3,1.34,5.0
68938,Giovanni Augusto,CHA,MEI,10,1.2,0.99,2.5,-0.8,1.3,5.0
141615,Pedro Ferreira,SAO,MEI,2,1.2,0.99,1.9,0.5,1.2,2.0
86410,Victor Luis,MIR,LAT,7,1.2,2.56,5.0,-1.5,1.38,5.0
108713,Galeano,MIR,ATA,10,1.19,1.51,4.7,-0.8,1.38,5.0
111945,Diego Hernández,REM,MEI,9,1.17,1.67,5.0,0.0,0.22,5.0
96353,Joaquín Correa,BOT,ATA,6,1.17,2.5,5.0,-1.0,1.5,5.0
106822,Rodrigo Nestor,BAH,MEI,10,1.16,2.16,5.2,-1.3,1.34,5.0
117404,Otávio,CRU,GOL,5,1.16,2.44,4.2,-1.7,1.16,5.0
81005,André Luis,MIR,ATA,10,1.13,2.33,7.3,-1.0,2.06,5.0
90370,Matheus Pereira,COR,MEI,10,1.12,1.65,4.3,-0.3,0.9,5.0
93411,Cantalapiedra,VIT,MEI,7,1.09,1.67,4.5,-0.3,0.52,5.0
140438,David,CHA,MEI,4,1.08,1.44,2.6,-0.3,1.08,4.0
42135,Willian,GRE,MEI,8,1.06,1.77,5.2,-0.3,0.72,5.0
99228,De la Cruz,FLA,MEI,9,1.06,1.36,3.1,-0.8,0.84,5.0
70360,Eduardo Sasha,RBB,ATA,14,1.06,1.76,3.9,-2.8,-0.6,5.0
118774,Alexsander,CAM,MEI,4,1.05,0.82,1.7,0.0,1.05,4.0
87258,Soteldo,FLU,ATA,12,1.05,1.07,2.9,0.0,1.24,5.0
83786,Neris,VIT,ZAG,4,1.05,1.52,3.0,-0.3,1.05,4.0
102909,Luan,SAO,MEI,5,1.04,1.01,2.3,0.0,1.04,5.0
96342,Charles,COR,MEI,3,1.03,1.17,1.9,-0.3,1.03,3.0
124219,Millán,FLU,ZAG,3,1.0,1.81,2.7,-0.9,1.0,3.0
101752,Claudinho,VIT,LAT,2,1.0,1.41,2.0,0.0,1.0,2.0
84428,Fernando Sobral,CFC,MEI,3,1.0,1.73,3.0,0.0,1.0,3.0
91639,Igor Cariús,MIR,LAT,1,1.0,0.0,1.0,1.0,1.0,1.0
91251,Rodrigues,MIR,ZAG,2,1.0,1.41,2.0,0.0,1.0,2.0
98224,Jáderson,REM,MEI,10,0.97,1.33,4.0,0.0,1.3,5.0
81845,Alisson,FLU,MEI,8,0.96,1.99,5.5,-1.1,1.2,5.0
129666,JP,VAS,MEI,2,0.95,0.07,1.0,0.9,0.95,2.0
77656,Cédric Soares,SAO,LAT,8,0.94,0.83,2.3,0.0,0.74,5.0
89637,Thiago Maia,INT,MEI,10,0.93,0.75,2.0,0.0,1.24,5.0
107173,Michel Araújo,BAH,MEI,12,0.91,1.64,2.7,-3.1,1.98,5.0
112939,Catarozzi,REM,MEI,1,0.9,0.0,0.9,0.9,0.9,1.0
78117,Everaldo,FLU,ATA,1,0.9,0.0,0.9,0.9,3.0,5.0
105518,Renan Peixoto,CAP,ATA,7,0.9,1.32,3.5,-0.4,1.06,5.0
110633,Gustavo,CFC,MEI,4,0.9,1.12,2.3,0.0,0.9,4.0
70449,Gabriel,VIT,GOL,3,0.9,5.12,6.8,-2.4,0.9,3.0
94034,Kevin Ramírez,CHA,ATA,2,0.85,0.49,1.2,0.5,0.85,2.0
62977,Ganso,FLU,MEI,12,0.85,1.59,4.5,-1.1,0.46,5.0
96652,Allan,COR,MEI,12,0.84,2.27,5.4,-2.6,0.96,5.0
98484,Kanu,BAH,ZAG,3,0.83,2.42,3.4,-1.4,0.83,3.0
85465,Alex Santana,COR,MEI,1,0.8,0.0,0.8,0.8,0.8,1.0
63013,Marcos Rocha,GRE,LAT,4,0.8,0.98,2.0,0.0,0.8,4.0
98280,Bastos,BOT,ZAG,5,0.78,1.19,2.4,-0.1,0.78,5.0
102909,Luan Vinícius,SAO,MEI,2,0.75,1.06,1.5,0.0,1.04,5.0
107174,Bruno Tabata,INT,MEI,8,0.75,0.91,2.5,-0.3,0.9,5.0
97735,Giovanni Pavani,REM,MEI,2,0.75,1.06,1.5,0.0,0.75,2.0
102877,Gabriel Poveda,REM,ATA,10,0.73,0.99,2.0,-0.6,0.98,5.0
86485,Keno,CFC,ATA,4,0.72,1.58,3.0,-0.6,0.72,4.0
89273,João Pedro,GRE,LAT,5,0.72,0.83,1.4,-0.6,0.72,5.0
123101,Leozinho,CAP,ATA,5,0.7,0.83,1.5,-0.3,0.7,5.0
140484,Riquelme Felipe,FLU,ATA,3,0.7,0.87,1.7,0.2,0.7,3.0
79631,Cano,FLU,ATA,4,0.7,0.82,1.6,0.0,0.7,4.0
116067,Thiago Beltrame,GRE,GOL,1,0.7,0.0,0.7,0.7,0.7,1.0
142265,Dell,BAH,ATA,4,0.65,1.59,2.5,-1.0,0.65,4.0
85425,João Paulo,BAH,GOL,2,0.65,1.48,1.7,-0.4,0.65,2.0
109966,Monsalve,GRE,MEI,7,0.64,1.15,3.0,-0.8,0.72,5.0
147089,Cauã Soares,CAM,ATA,5,0.64,0.88,1.7,0.0,0.64,5.0
142867,Robinho Jr.,SAN,ATA,4,0.62,1.25,2.5,0.0,0.62,4.0
82407,Chico Kim,MIR,MEI,2,0.6,1.27,1.5,-0.3,0.6,2.0
130847,Zé Breno,VIT,MEI,2,0.6,0.85,1.2,0.0,0.6,2.0
123744,Alan Rodríguez,INT,MEI,7,0.59,1.24,3.0,-0.6,0.82,5.0
115100,Matheus França,VAS,MEI,3,0.57,0.49,0.9,0.0,0.57,3.0
130906,Riquelme,CAP,MEI,4,0.57,1.56,2.9,-0.3,0.57,4.0
131617,André Silva,SAO,ATA,10,0.51,1.09,2.2,-1.3,0.86,5.0
141165,Enzo Vagner,CFC,ATA,1,0.5,0.0,0.5,0.5,0.5,1.0
143488,Raykkonen,INT,ATA,1,0.5,0.0,0.5,0.5,0.5,1.0
143350,Murilo Rhikman,CRU,MEI,1,0.5,0.0,0.5,0.5,0.5,1.0
136156,Larson,PAL,MEI,4,0.48,0.88,1.7,-0.3,0.48,4.0
69783,Danilo,FLA,ZAG,4,0.48,0.71,1.5,0.0,0.48,4.0
103295,Eric Ramires,RBB,MEI,11,0.47,1.05,2.7,-1.0,0.5,5.0
150757,Samuel Pierri,SAN,MEI,2,0.45,0.64,0.9,0.0,0.45,2.0
42222,Osvaldo,VIT,ATA,2,0.4,0.57,0.8,0.0,0.4,2.0
103179,Chris Ramos,BOT,ATA,3,0.37,1.1,1.6,-0.5,0.37,3.0
117403,Renato Marques,CFC,ATA,5,0.36,2.18,3.0,-3.0,0.36,5.0
89368,Braithwaite,GRE,ATA,11,0.35,0.64,1.5,-0.5,0.16,5.0
82463,Otávio,FLU,MEI,5,0.32,1.27,1.7,-1.3,0.32,5.0
79701,Lucas Silva,CRU,MEI,13,0.31,0.83,1.7,-1.3,0.06,5.0
141609,Lucca,SAO,ATA,4,0.22,0.67,1.2,-0.3,0.22,4.0
111951,Renzo López,VIT,ATA,6,0.22,0.56,1.1,-0.3,0.3,5.0
148092,Vitor Ramon,GRE,LAT,1,0.2,0.0,0.2,0.2,0.2,1.0
94286,Perotti,CHA,ATA,2,0.2,0.0,0.2,0.2,0.2,2.0
142593,Nicolás Ferreira,REM,ATA,1,0.2,0.0,0.2,0.2,0.2,1.0
126013,Ythallo,BOT,ZAG,1,0.2,0.0,0.2,0.2,0.2,1.0
122573,Wallace Yan,FLA,ATA,6,0.13,0.52,0.9,-0.5,0.22,5.0
142260,Bernardo Zortea,GRE,MEI,3,0.13,0.81,1.0,-0.6,0.13,3.0
89883,Dodi,GRE,MEI,6,0.13,1.44,2.3,-1.6,0.38,5.0
148124,Vinicius,CHA,ZAG,2,0.1,1.98,1.5,-1.3,0.1,2.0
100969,Ronald Lopes,VIT,MEI,7,0.06,1.07,1.3,-1.9,0.58,5.0
98225,Pedro Raul,COR,ATA,8,0.01,0.31,0.7,-0.3,-0.14,5.0
146623,Luis Pacheco,PAL,MEI,3,0.0,1.3,1.3,-1.3,0.0,3.0
150959,Davizinho,SAN,LAT,2,0.0,0.0,0.0,0.0,0.0,2.0
141606,Hugo Leonardo,SAO,MEI,1,0.0,0.0,0.0,0.0,0.0,1.0
140496,Tiaguinho,GRE,MEI,1,0.0,0.0,0.0,0.0,0.0,1.0
147864,Rafael Monti,REM,ATA,1,0.0,0.0,0.0,0.0,0.0,1.0
146410,Marquinhos,BOT,MEI,1,0.0,0.0,0.0,0.0,0.0,1.0
147544,Gabriel Menegon,GRE,GOL,1,0.0,0.0,0.0,0.0,0.0,1.0
149991,David,CFC,ATA,1,0.0,0.0,0.0,0.0,0.0,1.0
122439,Isaac,CAP,ATA,1,0.0,0.0,0.0,0.0,0.0,1.0
92811,Bruno Rodrigues,PAL,ATA,1,0.0,0.0,0.0,0.0,3.06,5.0
115537,Marcos Victor,BAH,ZAG,1,0.0,0.0,0.0,0.0,0.0,1.0
124358,João Almeida,CFC,LAT,1,0.0,0.0,0.0,0.0,0.0,1.0
145660,Luiz Felipe,INT,LAT,1,0.0,0.0,0.0,0.0,0.0,1.0
139345,Kauã Prates,CRU,LAT,1,0.0,0.0,0.0,0.0,0.0,1.0
131964,Jhoan Hernández,BOT,LAT,1,0.0,0.0,0.0,0.0,0.0,1.0
122487,GB,VAS,ATA,1,0.0,0.0,0.0,0.0,0.0,1.0
145036,Fernando Pradella,SAN,ATA,1,0.0,0.0,0.0,0.0,0.0,1.0
101729,Fabinho,CFC,ATA,7,-0.03,0.85,1.2,-1.6,0.04,5.0
111760,Fabinho,RBB,MEI,5,-0.08,2.52,3.9,-3.1,-0.08,5.0
108474,Santi Moreno,FLU,ATA,3,-0.1,0.17,0.0,-0.3,-0.1,3.0
100084,Igor Gomes,CAM,MEI,5,-0.14,0.52,0.7,-0.6,-0.14,5.0
83048,Rafael Thyere,CHA,ZAG,2,-0.15,0.21,0.0,-0.3,-0.15,2.0
140726,David Martins,BAH,MEI,2,-0.15,0.21,0.0,-0.3,-0.15,2.0
97911,Lucas Silva,VIT,ATA,3,-0.17,0.76,0.5,-1.0,-0.17,3.0
148215,Djhordney,SAO,MEI,2,-0.2,1.98,1.2,-1.6,-0.2,2.0
150197,Osorio,SAO,ZAG,2,-0.2,1.98,1.2,-1.6,-0.2,2.0
134678,Lawan,VIT,ATA,1,-0.3,0.0,-0.3,-0.3,-0.3,1.0
146701,Benjamin Arhin,INT,MEI,1,-0.3,0.0,-0.3,-0.3,-0.3,1.0
142257,Luis Eduardo,GRE,ZAG,2,-0.3,0.0,-0.3,-0.3,-0.3,2.0
143463,Wesley Natã,FLU,ATA,1,-0.3,0.0,-0.3,-0.3,-0.3,1.0
143295,Joshua,FLA,MEI,1,-0.3,0.0,-0.3,-0.3,-0.3,1.0
90715,Luiz Fernando,CAP,ATA,1,-0.3,0.0,-0.3,-0.3,-0.3,1.0
107236,Vanderlan,RBB,LAT,1,-0.3,0.0,-0.3,-0.3,-0.3,1.0
114308,Cufré,REM,LAT,1,-0.3,0.0,-0.3,-0.3,-0.3,1.0
148717,Tetê,SAO,ATA,4,-0.4,0.62,0.0,-1.3,-0.4,4.0
124674,Felipe Negrucci,SAO,MEI,1,-0.6,0.0,-0.6,-0.6,-0.6,1.0
74187,Rincón,SAN,MEI,2,-0.7,1.27,0.2,-1.6,-0.7,2.0
96340,Lima,FLU,MEI,1,-1.3,0.0,-1.3,-1.3,-1.3,1.0
105114,Alexis Duarte,SAN,ZAG,1,-1.3,0.0,-1.3,-1.3,-1.3,1.0
130889,Riquelme,GRE,MEI,2,-1.45,1.63,-0.3,-2.6,-1.45,2.0
