atleta_id,name,pos,team,price,media,status,desvio,ult5
89256,Gerson,MEI,CRU,8.98,4.21,Provável,2.96,4.46
69208,Gabriel Paulista,ZAG,COR,9.3,4.76,Provável,4.84,3.5799999999999996
95362,Cassierra,ATA,CAM,5.4,2.08,Provável,4.01,5.16
86859,José Welison,MEI,REM,4.43,2.47,Provável,3.27,4.4799999999999995
147864,Rafael Monti,ATA,REM,3.56,0.0,Nulo,0.0,0.0
70449,Gabriel,GOL,VIT,5.02,0.9,Nulo,5.12,0.9
146374,Gilberto Junior,LAT,CAP,6.76,5.54,Nulo,3.82,5.54
123689,Milans,LAT,COR,8.96,6.03,Nulo,1.06,6.033333333333334
105157,Villagra,MEI,INT,5.18,2.08,Provável,1.51,1.32
103388,Emmanuel Martínez,MEI,VIT,6.16,3.48,Nulo,2.56,2.12
71536,Luiz Gustavo,MEI,CAP,6.78,3.75,Provável,4.06,4.42
100342,Léo Andrade,ZAG,REM,4.79,2.95,Nulo,1.59,2.9499999999999997
110633,Gustavo,MEI,CFC,3.3,0.9,Nulo,1.12,0.8999999999999999
105089,Tetê,ATA,GRE,9.01,3.83,Nulo,3.42,3.6199999999999997
142265,Dell,ATA,BAH,1.82,0.65,Nulo,1.59,0.65
89918,Everton Galdino,ATA,MIR,2.73,1.2,Nulo,2.04,1.34
114308,Cufré,LAT,REM,3.45,-0.3,Nulo,0.0,-0.3
106708,Igor Formiga,LAT,MIR,7.89,4.52,Nulo,3.5,3.3
113125,Picco,MEI,REM,6.03,3.28,Nulo,3.5,1.3199999999999998
105842,Edu,ZAG,VIT,4.13,1.5,Contundido,0.0,1.5
140496,Tiaguinho,MEI,GRE,0.93,0.0,Nulo,0.0,0.0
147088,Cissé,MEI,CAM,2.14,1.91,Nulo,3.14,2.4
68952,Marinho,ATA,VIT,4.73,1.75,Nulo,1.58,1.3800000000000001
146623,Luis Pacheco,MEI,PAL,1.98,0.0,Nulo,1.3,0.0
145404,Arthur,LAT,PAL,4.99,4.44,Dúvida,3.54,6.04
110598,Marino Hinestroza,ATA,VAS,5.76,1.93,Nulo,2.39,2.2
87552,Vitor Bueno,MEI,REM,7.26,4.01,Provável,5.26,4.86
90370,Matheus Pereira,MEI,COR,3.46,1.12,Nulo,1.65,0.9
99789,Brenner,ATA,VAS,7.07,2.98,Nulo,2.78,2.4200000000000004
101729,Fabinho,ATA,CFC,1.43,-0.03,Contundido,0.85,0.04
130608,Riquelme Fillipi,ATA,PAL,2.04,2.2,Nulo,3.54,2.2
130906,Riquelme,MEI,CAP,0.91,0.58,Nulo,1.56,0.575
130847,Zé Breno,MEI,VIT,2.04,0.6,Nulo,0.85,0.6
94930,Lucas Paquetá,MEI,FLA,14.86,6.46,Contundido,4.45,6.94
118844,Kaio César,ATA,COR,10.33,5.43,Provável,3.97,4.659999999999999
124270,Allex,MEI,INT,2.38,1.55,Provável,1.41,1.04
104134,Fabri,ATA,VIT,5.27,2.66,Nulo,2.91,1.1
51413,Walter,GOL,MIR,5.18,2.89,Nulo,2.4,2.46
141615,Pedro Ferreira,MEI,SAO,1.51,1.2,Nulo,0.99,1.2
147883,João Vitor,ATA,VAS,3.49,3.13,Nulo,5.01,3.125
141406,Andrey Fernandes,ATA,VAS,1.41,1.7,Nulo,0.0,1.7
142086,Kauan Toledo,ATA,BOT,1.95,1.77,Nulo,1.42,1.7666666666666666
101715,Alerrandro,ATA,INT,6.43,3.85,Dúvida,5.19,6.720000000000001
90608,Chico da Costa,ATA,CRU,3.81,1.24,Nulo,2.62,0.13999999999999999
129666,JP,MEI,VAS,1.41,0.95,Nulo,0.07,0.95
123738,Herrera,ATA,RBB,4.31,2.17,Nulo,2.56,0.9
112939,Catarozzi,MEI,REM,5.41,0.9,Nulo,0.0,0.9
108131,Garcez,ATA,CHA,3.12,1.22,Nulo,1.26,0.86
116065,Cuiabano,LAT,VAS,13.25,7.47,Nulo,4.91,5.4799999999999995
143463,Wesley Natã,ATA,FLU,0.8,-0.3,Nulo,0.0,-0.3
82407,Chico Kim,MEI,MIR,3.63,0.6,Nulo,1.27,0.6
99815,Arias,MEI,PAL,13.77,6.49,Provável,4.75,5.04
147546,Roger,MEI,GRE,1.5,1.2,Nulo,0.0,1.2
148124,Vinicius,ZAG,CHA,1.63,0.1,Nulo,1.98,0.09999999999999998
108162,Nardoni,MEI,GRE,6.42,2.04,Nulo,3.2,1.2400000000000002
146410,Marquinhos,MEI,BOT,0.85,0.0,Nulo,0.0,0.0
141165,Enzo Vagner,ATA,CFC,1.04,0.5,Nulo,0.0,0.5
97911,Lucas Silva,ATA,VIT,2.8,-0.17,Nulo,0.76,-0.16666666666666666
148215,Djhordney,MEI,SAO,0.79,-0.2,Nulo,1.98,-0.20000000000000007
131964,Jhoan Hernández,LAT,BOT,3.69,0.0,Nulo,0.0,0.0
110144,Spinelli,ATA,VAS,6.18,3.16,Nulo,3.14,4.22
146430,Justino,ZAG,BOT,2.32,1.25,Nulo,1.07,1.3
126189,Tomás Pérez,MEI,CAM,4.03,1.43,Provável,2.2,0.6799999999999999
97899,Matheus Bahia,LAT,INT,6.41,3.59,Provável,2.7,5.1
141595,Gabriel Mec,ATA,GRE,4.45,2.82,Nulo,4.55,6.640000000000001
104666,Moisés,ATA,SAN,4.78,2.35,Nulo,3.3,0.54
104036,Labyad,MEI,COR,4.44,1.99,Dúvida,2.81,2.3200000000000003
143173,Leonel Pérez,MEI,GRE,4.43,2.52,Nulo,2.82,4.0600000000000005
109987,Medina,MEI,BOT,7.74,4.13,Nulo,5.4,6.56
145563,João Ananias,ZAG,SAN,2.62,2.2,Nulo,2.0,2.2
92747,Eduardo Domínguez,TEC,CAM,11.03,5.37,Provável,3.38,5.628
101807,Oliva,MEI,SAN,7.03,3.44,Nulo,2.88,2.48
105048,Jajá,ATA,REM,6.66,5.3,Provável,3.39,7.140000000000001
107093,Luciano Juba,LAT,BAH,11.65,7.73,Suspenso,5.97,8.080000000000002
147545,Jefinho,MEI,GRE,1.46,1.5,Nulo,0.0,1.5
100804,Tchamba,ZAG,REM,5.11,2.08,Provável,3.26,2.48
124424,Rodrigo Castillo,ATA,FLU,6.98,3.65,Nulo,4.94,4.26
71898,Gabriel Pires,MEI,MIR,5.77,3.63,Nulo,2.51,4.2
88963,Leonardo Jardim,TEC,FLA,13.76,7.11,Provável,3.25,5.937999999999999
93368,Lucas Veríssimo,ZAG,SAN,8.84,4.2,Nulo,3.63,3.04
124219,Millán,ZAG,FLU,4.86,1.0,Contundido,1.81,1.0
37457,Léo Condé,TEC,REM,8.55,4.69,Provável,2.07,5.572
142260,Bernardo Zortea,MEI,GRE,0.77,0.13,Nulo,0.81,0.13333333333333333
133690,Bruno Lopes,ATA,VAS,1.57,1.7,Nulo,0.0,1.7
147268,Anderson Pato,ATA,VIT,3.12,1.38,Nulo,0.25,1.375
140726,David Martins,MEI,BAH,0.72,-0.15,Nulo,0.21,-0.15
121823,Kauê,GOL,COR,6.41,9.2,Nulo,6.22,9.2
81720,Lingard,ATA,COR,4.63,1.95,Dúvida,2.15,3.1599999999999997
145659,Nicolas,LAT,SAO,2.79,5.0,Nulo,0.0,5.0
115537,Marcos Victor,ZAG,BAH,2.72,0.0,Nulo,0.0,0.0
148125,Ryan Augusto,LAT,RBB,3.78,3.7,Nulo,4.39,3.7
95131,Gabriel Taliari,ATA,REM,10.88,7.3,Nulo,6.64,8.580000000000002
143153,Tarzia,ATA,VIT,4.7,2.93,Nulo,4.03,6.44
141594,Pedro Gabriel,LAT,GRE,5.12,3.91,Nulo,2.2,3.8599999999999994
147192,Claudinho,LAT,CAP,7.39,9.27,Nulo,8.26,9.266666666666666
42411,Cuca,TEC,SAN,10.35,5.62,Nulo,2.28,5.58
107256,Zé Vitor,MEI,VIT,6.35,4.07,Nulo,4.96,5.62
130232,Caio Roque,LAT,BOT,5.72,4.0,Nulo,3.12,4.0
149715,Rafael Gonzaga,LAT,SAN,2.79,2.4,Nulo,0.0,2.4
127273,Artur Jorge,TEC,CRU,11.87,6.32,Provável,2.07,5.450000000000001
110605,Vinícius Balieiro,MEI,CHA,3.95,1.67,Nulo,2.08,1.6666666666666667
102877,Gabriel Poveda,ATA,REM,3.01,0.73,Nulo,0.99,0.9800000000000001
147560,Caio Suassuna,ATA,BAH,2.64,2.0,Nulo,0.0,2.0
103347,Matheus Alexandre,LAT,REM,4.67,1.8,Nulo,2.77,1.1800000000000002
130209,Renê,ATA,VIT,11.11,8.04,Nulo,5.86,11.48
123016,David Braga,MEI,REM,3.11,1.52,Nulo,2.09,1.3800000000000001
101820,Mayk,LAT,REM,6.54,3.15,Provável,2.44,2.8600000000000003
149990,Franclim Carvalho,TEC,BOT,11.21,5.07,Nulo,1.74,4.16
94034,Kevin Ramírez,ATA,CHA,3.0,0.85,Nulo,0.49,0.85
147089,Cauã Soares,ATA,CAM,1.24,0.64,Nulo,0.88,0.64
148717,Tetê,ATA,SAO,0.65,-0.4,Nulo,0.62,-0.4
150197,Osorio,ZAG,SAO,0.73,-0.2,Dúvida,1.98,-0.20000000000000007
85465,Alex Santana,MEI,COR,4.02,0.8,Nulo,0.0,0.8
146701,Benjamin Arhin,MEI,INT,1.73,-0.3,Nulo,0.0,-0.3
141405,Avellar,LAT,VAS,1.49,1.5,Nulo,0.0,1.5
132553,Jemmes,ZAG,FLU,7.38,3.63,Contundido,3.22,3.38
149991,David,ATA,CFC,0.92,0.0,Nulo,0.0,0.0
149994,Jhuan Nunes,ATA,RBB,1.83,2.3,Nulo,0.0,2.3
150757,Samuel Pierri,MEI,SAN,1.88,0.45,Nulo,0.64,0.45
150180,Ramon Rique,MEI,VAS,2.73,3.1,Nulo,2.26,3.1
141606,Hugo Leonardo,MEI,SAO,0.91,0.0,Nulo,0.0,0.0
145660,Luiz Felipe,LAT,INT,0.92,0.0,Nulo,0.0,0.0
150825,Breno,ZAG,RBB,2.8,3.35,Nulo,4.74,3.35
148092,Vitor Ramon,LAT,GRE,1.0,0.2,Nulo,0.0,0.2
150959,Davizinho,LAT,SAN,0.81,0.0,Nulo,0.0,0.0
130279,Lukas Zuccarello,MEI,VAS,2.32,1.3,Nulo,0.0,1.3
147544,Gabriel Menegon,GOL,GRE,1.81,0.0,Nulo,0.0,0.0
109573,Martinelli,MEI,FLU,5.53,1.95,Nulo,2.44,2.1599999999999997
101254,Alef Manga,ATA,REM,8.46,4.72,Provável,4.59,5.18
145036,Fernando Pradella,ATA,SAN,0.82,0.0,Nulo,0.0,0.0
105949,Rochet,GOL,INT,6.28,3.33,Dúvida,2.6,3.9
68685,Alan Patrick,MEI,INT,7.43,4.02,Nulo,4.18,3.16
69012,Santos,GOL,CAP,8.85,3.7,Provável,3.63,4.36
97810,Erick,ATA,VIT,8.67,4.68,Nulo,4.68,5.9399999999999995
106593,Villalba,ZAG,CRU,6.65,2.21,Nulo,2.74,3.4599999999999995
141400,Huguinho,MEI,BOT,6.02,5.13,Nulo,4.84,5.133333333333333
68928,Rafael,GOL,SAO,7.38,3.55,Provável,2.51,2.0
42234,Cássio,GOL,CRU,6.89,1.32,Contundido,4.61,1.3199999999999998
72294,Everson,GOL,CAM,10.67,4.47,Provável,5.17,4.56
92171,Arthur Cabral,ATA,BOT,10.58,6.69,Nulo,6.79,9.34
61987,Alex Sandro,LAT,FLA,8.8,3.74,Dúvida,3.75,3.38
96591,Renan Lodi,LAT,CAM,11.22,5.22,Provável,3.9,6.58
63007,Neymar,MEI,SAN,18.96,8.42,Nulo,5.0,7.0
104758,Enzo Díaz,LAT,SAO,9.04,3.9,Nulo,3.89,2.5799999999999996
80196,Yago Pikachu,MEI,REM,5.25,2.44,Provável,2.84,3.6
37656,Fábio,GOL,FLU,9.11,4.39,Nulo,3.53,4.58
101727,Matheuzinho,LAT,COR,10.2,5.03,Provável,3.61,6.38
103056,Gabriel Brazão,GOL,SAN,6.33,2.62,Nulo,4.97,1.1400000000000001
91101,Ronaldo,GOL,BAH,7.66,4.93,Provável,3.18,4.62
68996,Willian José,ATA,BAH,8.04,2.84,Provável,3.39,2.54
90768,Fabrício Bruno,ZAG,CRU,5.92,2.09,Provável,2.62,1.2000000000000002
105436,Carrascal,MEI,FLA,9.1,4.23,Suspenso,5.41,4.54
91772,David Duarte,ZAG,BAH,7.01,3.64,Provável,4.13,3.66
80313,Gilberto,LAT,CAP,6.71,2.94,Provável,2.02,2.48
109401,Erick Pulga,ATA,BAH,7.55,4.06,Provável,2.2,5.08
123717,Zé Guilherme,LAT,BAH,4.27,4.0,Provável,0.0,4.0
99274,Alexander Barboza,ZAG,PAL,10.68,5.12,Nulo,4.02,4.04
87008,Léo Jardim,GOL,VAS,6.5,2.76,Nulo,2.69,4.46
101314,Ademir,ATA,BAH,5.58,1.65,Provável,1.62,1.44
104783,Acevedo,MEI,BAH,6.55,4.69,Provável,3.02,5.220000000000001
113397,Cristian Olivera,ATA,BAH,7.16,4.1,Contundido,3.23,1.3800000000000001
97868,Iago,LAT,BAH,5.57,3.03,Nulo,3.15,3.0333333333333337
98022,Erick,MEI,BAH,6.47,3.87,Provável,4.74,4.9799999999999995
100898,Vitinho,LAT,BOT,9.63,4.9,Nulo,2.54,3.8600000000000003
105990,Santiago Mingo,ZAG,BAH,4.98,1.96,Provável,3.17,1.2799999999999998
106822,Rodrigo Nestor,MEI,BAH,4.5,1.16,Provável,2.16,1.34
85425,João Paulo,GOL,SAN,5.2,0.15,Nulo,1.48,0.6499999999999999
123360,Cauly,MEI,SAO,6.58,2.91,Nulo,2.74,2.7199999999999998
97341,Rogério Ceni,TEC,BAH,10.75,5.52,Provável,1.94,5.038000000000001
106323,Caio Alexandre,MEI,BAH,3.97,1.19,Contundido,1.75,0.6
98517,Jean Lucas,MEI,BAH,9.55,5.58,Nulo,3.43,5.819999999999999
97642,Félix Torres,ZAG,INT,5.58,3.43,Nulo,3.26,4.959999999999999
72493,Alex Telles,LAT,BOT,9.08,3.72,Nulo,3.9,1.6
107173,Michel Araújo,MEI,BAH,2.93,0.91,Nulo,1.64,1.98
111831,Matheus Martins,ATA,BOT,7.2,4.88,Nulo,5.87,7.460000000000001
136955,Sanabria,ATA,BAH,6.07,3.04,Nulo,3.39,2.9799999999999995
126013,Ythallo,ZAG,BOT,3.5,0.2,Nulo,0.0,0.2
98280,Bastos,ZAG,BOT,3.75,0.78,Contundido,1.19,0.78
97468,Marçal,LAT,BOT,6.79,2.77,Nulo,4.21,3.025
107231,Danilo,MEI,BOT,15.14,9.08,Nulo,6.37,9.66
111829,Kayky,ATA,INT,3.63,1.27,Contundido,1.57,1.52
98672,Savarino,MEI,FLU,9.0,5.0,Nulo,4.38,4.24
96353,Joaquín Correa,ATA,BOT,5.11,1.17,Suspenso,2.5,1.4999999999999996
95799,Artur,ATA,SAO,9.24,5.62,Provável,3.69,6.7
124481,Mateo Ponte,LAT,BOT,5.53,2.8,Nulo,2.74,3.3
142890,Montoro,MEI,BOT,7.1,2.73,Nulo,2.42,0.7
104693,Newton,MEI,SAO,4.18,1.94,Nulo,2.29,1.44
69140,Allan,MEI,BOT,4.48,2.03,Contundido,1.81,2.1399999999999997
105214,Santi Rodríguez,MEI,BOT,6.04,2.4,Nulo,1.99,2.1399999999999997
142877,Villalba,ATA,BOT,4.27,1.78,Nulo,4.22,2.2800000000000002
146375,Kadir,ATA,BOT,5.06,2.4,Nulo,2.01,3.0799999999999996
39850,Vagner Mancini,TEC,RBB,8.78,5.58,Nulo,2.72,6.172
104191,Raul,GOL,BOT,5.49,3.71,Nulo,2.41,4.12
70360,Eduardo Sasha,ATA,RBB,4.14,1.06,Nulo,1.76,-0.6
87225,Pedro Henrique,ZAG,RBB,6.71,3.21,Nulo,1.88,3.2399999999999998
78605,Gabriel,MEI,RBB,5.17,3.17,Nulo,3.05,3.8599999999999994
142484,Barrera,MEI,BOT,6.45,2.62,Nulo,3.52,3.1799999999999997
93882,Cleiton,GOL,RBB,6.19,2.56,Nulo,3.51,0.7999999999999998
94067,Matheus Fernandes,MEI,RBB,4.32,2.54,Nulo,1.85,3.04
105213,Sant'Anna,LAT,RBB,8.88,6.23,Nulo,4.66,4.32
94968,Juninho Capixaba,LAT,RBB,13.92,7.52,Nulo,4.82,6.8
106434,Eduardo Santos,ZAG,RBB,4.6,1.4,Nulo,2.42,1.4000000000000001
100848,Luan Cândido,LAT,VIT,6.49,4.45,Nulo,3.86,4.4799999999999995
100695,Fernando,ATA,RBB,6.69,5.0,Nulo,5.7,7.640000000000001
107236,Vanderlan,LAT,RBB,4.41,-0.3,Contundido,0.0,-0.3
108133,Isidro Pitta,ATA,RBB,6.22,4.2,Nulo,5.76,4.9799999999999995
110715,Andrés Hurtado,LAT,RBB,5.62,3.45,Nulo,3.34,4.34
110750,Gustavo Marques,ZAG,RBB,6.8,4.33,Nulo,2.98,3.6599999999999993
103295,Eric Ramires,MEI,RBB,2.32,0.47,Nulo,1.05,0.5
111760,Fabinho,MEI,RBB,2.04,-0.08,Nulo,2.52,-0.07999999999999999
111246,Alix Vinicius,ZAG,RBB,5.18,2.9,Nulo,3.5,3.839999999999999
112886,Lucas Barbosa,ATA,RBB,10.4,6.67,Nulo,4.92,8.059999999999999
132580,Vinicinho,ATA,RBB,4.27,2.48,Nulo,2.12,3.3599999999999994
113157,Nathan Mendes,LAT,VIT,7.52,5.02,Contundido,4.08,6.859999999999999
98909,Cuello,ATA,CAM,8.88,5.99,Provável,4.55,5.4799999999999995
98225,Pedro Raul,ATA,COR,2.63,0.01,Nulo,0.31,-0.13999999999999999
68920,Dudu,ATA,CAM,6.58,2.78,Nulo,3.94,3.22
124239,Henry Mosquera,ATA,RBB,6.33,3.84,Nulo,3.04,3.7399999999999998
132274,Ignacio Sosa,MEI,RBB,3.65,1.58,Nulo,2.29,2.0599999999999996
72460,Bernard,MEI,CAM,5.29,2.66,Provável,3.16,4.76
72605,Vitor Hugo,ZAG,CAM,8.67,4.5,Nulo,5.01,5.0
92087,Lyanco,ZAG,CAM,9.5,3.8,Provável,4.91,2.2199999999999998
87999,Gustavo Scarpa,MEI,CAM,7.06,3.09,Nulo,3.27,4.08
100842,Ruan,ZAG,CAM,4.79,2.67,Provável,3.34,1.02
140906,Davi Gomes,ATA,RBB,5.19,4.25,Contundido,2.76,4.25
105068,Reinier,MEI,CAM,4.52,2.71,Nulo,4.11,2.3
91607,Rony,ATA,SAN,5.55,2.22,Nulo,1.68,2.18
100084,Igor Gomes,MEI,CAM,3.72,-0.14,Nulo,0.52,-0.13999999999999999
39656,Alan Franco,MEI,CAM,4.99,2.42,Nulo,2.61,1.78
107554,Natanael,LAT,CAM,9.33,5.15,Provável,6.02,4.74
101002,Júnior Santos,ATA,BOT,4.55,2.24,Contundido,3.13,3.1
118774,Alexsander,MEI,CAM,5.7,1.05,Nulo,0.82,1.05
78248,Gustavo Henrique,ZAG,COR,8.01,3.56,Provável,3.29,3.2800000000000002
115479,Paulo Pezzolano,TEC,INT,7.47,4.91,Provável,2.26,5.526
92440,André Ramalho,ZAG,COR,5.3,2.16,Nulo,1.73,2.16
95556,Raniele,MEI,COR,7.72,4.17,Provável,3.7,5.36
40990,Dorival Júnior,TEC,SAO,9.36,4.17,Provável,2.11,3.5
103767,Gabriel Menino,MEI,SAN,9.21,5.24,Nulo,5.34,3.5200000000000005
98720,Angileri,LAT,COR,4.73,2.45,Nulo,1.65,2.44
78435,Vitinho,ATA,COR,5.06,2.13,Contundido,1.22,2.36
85048,Memphis Depay,ATA,COR,9.56,1.99,Nulo,3.51,1.9600000000000002
98484,Kanu,ZAG,BAH,3.68,0.83,Nulo,2.42,0.8333333333333334
101574,Hugo Souza,GOL,COR,8.79,4.01,Provável,4.81,1.7400000000000002
124661,Iván Román,ZAG,CAM,8.96,5.92,Suspenso,5.79,5.38
122394,Gustavinho,MEI,RBB,5.7,2.78,Nulo,3.78,1.7
105531,Matheus Bidu,LAT,COR,12.83,7.73,Provável,6.13,4.98
117910,Breno Bidon,MEI,COR,9.18,3.99,Provável,4.13,5.48
77485,Carrillo,MEI,COR,4.24,1.32,Nulo,2.06,0.96
102340,Cacá,ZAG,VIT,6.06,3.09,Nulo,4.2,1.78
145744,André,MEI,COR,8.45,4.26,Provável,5.79,3.04
121824,Kayke,ATA,COR,3.64,1.65,Contundido,1.66,1.6800000000000002
42500,Fagner,LAT,CRU,5.28,2.46,Nulo,2.81,1.86
89275,William,LAT,CRU,8.51,3.57,Provável,3.19,4.619999999999999
133543,Gui Negão,ATA,COR,3.97,1.35,Nulo,1.56,1.35
96342,Charles,MEI,COR,3.53,1.03,Nulo,1.17,1.0333333333333334
79701,Lucas Silva,MEI,CRU,3.62,0.3,Nulo,0.83,0.059999999999999984
84558,Lucas Romero,MEI,CRU,8.33,4.09,Suspenso,3.5,3.1000000000000005
125488,João Pedro,ZAG,COR,8.84,7.7,Contundido,1.7,7.7
117632,Garro,MEI,COR,10.78,5.27,Suspenso,4.55,7.9799999999999995
105047,João Marcelo,ZAG,CRU,3.81,1.92,Nulo,3.09,1.9200000000000004
70592,Felipe Anderson,MEI,PAL,6.97,2.74,Nulo,3.32,3.88
114405,Sinisterra,ATA,CRU,5.61,3.1,Provável,3.77,3.3800000000000003
124912,Jonathan Jesus,ZAG,CRU,6.74,4.34,Provável,2.99,6.0
100742,Matheus Henrique,MEI,CRU,5.2,1.81,Provável,1.94,2.16
93478,Wanderson,ATA,CRU,4.07,1.29,Nulo,2.39,0.86
111690,Matheus Cunha,GOL,INT,4.64,3.23,Nulo,4.11,4.46
117404,Otávio,GOL,CRU,2.07,1.16,Provável,2.44,1.1600000000000001
141995,Dieguinho,MEI,COR,3.26,1.46,Nulo,3.04,1.7600000000000002
84735,Jorginho,MEI,FLA,10.02,4.3,Provável,4.88,7.0200000000000005
137542,Kaique Kenji,ATA,CRU,2.43,1.44,Nulo,3.0,2.02
69783,Danilo,ZAG,FLA,5.57,0.48,Dúvida,0.71,0.475
131967,Villarreal,ATA,CRU,9.24,5.95,Nulo,5.26,4.720000000000001
84816,Varela,LAT,FLA,8.29,4.94,Provável,3.03,4.62
80061,Saúl,MEI,FLA,6.28,2.43,Nulo,2.93,1.6199999999999999
82627,Luiz Araújo,ATA,FLA,7.88,2.99,Contundido,5.21,2.08
83528,Léo Pereira,ZAG,FLA,9.31,4.17,Provável,4.42,3.7199999999999998
132264,Arroyo,ATA,CRU,5.26,3.31,Contundido,4.0,5.340000000000001
91473,Erick Pulgar,MEI,FLA,5.84,1.34,Provável,1.99,1.2600000000000002
90285,Bruno Henrique,ATA,FLA,5.45,1.6,Provável,2.01,2.42
143350,Murilo Rhikman,MEI,CRU,2.95,0.5,Nulo,0.0,0.5
143600,Kauã Moraes,LAT,CRU,7.33,5.07,Nulo,4.3,4.779999999999999
98873,Samuel Lino,ATA,FLA,13.59,7.08,Provável,7.05,8.32
96870,Emerson Royal,LAT,FLA,7.61,4.9,Nulo,3.65,5.42
97867,Léo Ortiz,ZAG,FLA,9.12,4.11,Contundido,3.81,3.12
122660,Japa,MEI,MIR,5.93,5.2,Nulo,2.48,5.2
86757,Everton,ATA,FLA,5.52,1.35,Nulo,1.4,0.44000000000000006
87863,Arrascaeta,MEI,FLA,16.62,6.41,Nulo,4.35,6.24
140492,João Victor,ZAG,FLA,4.34,6.5,Nulo,0.0,6.5
88393,Ayrton Lucas,LAT,FLA,9.54,4.52,Dúvida,4.04,5.340000000000001
115914,Evertton Araújo,MEI,FLA,2.75,1.5,Nulo,3.07,2.7
96652,Allan,MEI,COR,2.98,0.83,Nulo,2.27,0.9600000000000002
109096,Plata,ATA,FLA,11.0,7.4,Dúvida,4.72,6.8
99228,De la Cruz,MEI,FLA,4.77,1.06,Nulo,1.36,0.8400000000000001
73384,Samuel Xavier,LAT,FLU,7.21,3.33,Nulo,2.74,1.48
122573,Wallace Yan,ATA,FLA,2.57,0.13,Nulo,0.52,0.22000000000000003
143295,Joshua,MEI,FLA,2.6,-0.3,Nulo,0.0,-0.3
62977,Ganso,MEI,FLU,3.27,0.85,Nulo,1.59,0.4600000000000001
78855,Thiago Santos,ZAG,CFC,4.35,3.2,Provável,3.3,3.96
87228,Guilherme Arana,LAT,FLU,7.52,3.5,Nulo,3.14,3.16
78445,Renê,LAT,FLU,9.88,5.9,Nulo,4.18,4.32
78117,Everaldo,ATA,BAH,6.29,4.04,Nulo,5.45,3.0
86485,Keno,ATA,CFC,4.12,0.73,Nulo,1.58,0.725
99366,Luis Zubeldía,TEC,FLU,10.0,5.56,Nulo,1.94,4.202
100987,Nonato,MEI,FLU,5.96,2.78,Nulo,2.93,2.0599999999999996
101319,Guga,LAT,FLU,6.01,3.27,Nulo,4.58,4.84
82463,Otávio,MEI,FLU,2.51,0.32,Nulo,1.27,0.32000000000000006
87258,Soteldo,ATA,FLU,3.59,1.05,Nulo,1.07,1.24
79631,Cano,ATA,FLU,4.29,0.7,Nulo,0.82,0.7
110759,John Kennedy,ATA,FLU,10.92,7.3,Nulo,5.18,8.5
71631,Weverton,GOL,GRE,7.67,4.89,Nulo,4.95,6.08
102928,Canobbio,ATA,FLU,12.77,7.94,Nulo,5.76,7.460000000000001
116447,Hércules,MEI,FLU,6.85,4.01,Nulo,3.94,0.43999999999999995
113034,Freytes,ZAG,FLU,4.63,2.5,Nulo,2.43,1.7600000000000002
63013,Marcos Rocha,LAT,GRE,5.95,0.8,Nulo,0.98,0.8
72018,Tiago Volpi,GOL,RBB,10.45,5.95,Nulo,5.17,7.5200000000000005
91908,Pavón,ATA,GRE,7.76,3.91,Contundido,3.55,4.4399999999999995
42135,Willian,MEI,GRE,3.74,1.06,Nulo,1.77,0.72
63289,Edenílson,MEI,BOT,6.15,3.2,Nulo,5.31,0.36
132071,Serna,ATA,FLU,6.92,2.96,Nulo,3.37,4.640000000000001
140484,Riquelme Felipe,ATA,FLU,3.53,0.7,Nulo,0.87,0.7000000000000001
87887,Balbuena,ZAG,GRE,6.98,3.94,Nulo,3.57,4.319999999999999
88037,Luís Castro,TEC,GRE,9.22,4.76,Nulo,1.91,4.337999999999999
105563,Carlos Vinícius,ATA,GRE,13.93,5.61,Nulo,7.38,4.659999999999999
91706,Marlon,LAT,GRE,10.32,6.62,Contundido,6.25,7.019999999999999
89883,Dodi,MEI,GRE,3.04,0.13,Nulo,1.44,0.37999999999999995
89273,João Pedro,LAT,GRE,3.11,0.72,Nulo,0.83,0.72
102318,Caio Paulista,LAT,GRE,5.62,3.43,Nulo,3.04,4.0
109966,Monsalve,MEI,GRE,3.12,0.64,Nulo,1.15,0.72
111309,Gustavo Martins,ZAG,GRE,6.29,3.25,Contundido,3.9,4.1
104994,Wagner Leonardo,ZAG,GRE,5.36,2.78,Nulo,3.07,2.7
142004,Amuzu,ATA,GRE,7.07,4.16,Nulo,3.84,2.7
116067,Thiago Beltrame,GOL,GRE,2.08,0.7,Suspenso,0.0,0.7
88136,Ivan,GOL,REM,7.58,10.2,Provável,0.0,10.2
70944,Bruno Henrique,MEI,INT,4.52,1.91,Dúvida,1.71,3.1399999999999997
130889,Riquelme,MEI,GRE,2.42,-1.45,Nulo,1.63,-1.45
101960,Vitinho,ATA,INT,7.38,4.5,Dúvida,2.58,4.46
107989,Carbonero,ATA,INT,8.53,5.12,Provável,6.1,8.620000000000001
111466,Victor Gabriel,ZAG,INT,4.39,2.54,Provável,2.39,2.4
106202,Bruno Gomes,MEI,INT,6.83,3.65,Provável,2.79,4.659999999999999
92981,Ronaldo,MEI,INT,3.83,2.49,Nulo,4.75,1.02
72951,Mercado,ZAG,INT,5.65,3.91,Provável,4.2,3.2399999999999998
89637,Thiago Maia,MEI,INT,3.6,0.92,Nulo,0.75,1.24
92182,Juninho,ZAG,INT,5.92,2.67,Nulo,2.02,2.6666666666666665
110510,Aguirre,LAT,INT,6.28,3.78,Nulo,2.25,5.54
96610,Matheus Pereira,MEI,CRU,15.27,6.07,Provável,4.55,6.44
68872,Marcelo Lomba,GOL,PAL,7.08,8.9,Nulo,0.0,8.9
71684,Gustavo Gómez,ZAG,PAL,10.86,4.82,Provável,4.4,2.92
123744,Alan Rodríguez,MEI,INT,3.27,0.58,Contundido,1.24,0.82
93790,Marlon Freitas,MEI,PAL,6.02,2.71,Provável,4.78,1.6600000000000001
103523,Ignácio,ZAG,FLU,5.58,2.23,Nulo,3.29,0.9400000000000001
84674,Lucas Evangelista,MEI,PAL,4.33,1.3,Provável,1.26,1.48
97653,Murilo,ZAG,PAL,7.18,3.52,Provável,4.22,3.0
111683,Anthoni,GOL,INT,4.74,3.3,Dúvida,4.07,4.44
143488,Raykkonen,ATA,INT,2.63,0.5,Nulo,0.0,0.5
104084,Carlos Miguel,GOL,PAL,8.86,5.06,Provável,2.92,5.2
102130,Piquerez,LAT,PAL,11.43,6.43,Dúvida,3.44,6.659999999999999
110506,Abel Ferreira,TEC,PAL,12.22,6.5,Provável,2.01,5.918000000000001
99818,Paulinho,ATA,PAL,11.1,3.44,Suspenso,4.2,3.44
92811,Bruno Rodrigues,ATA,CRU,3.0,1.68,Nulo,2.29,3.06
105175,Khellven,LAT,PAL,5.86,2.72,Provável,2.83,3.2399999999999998
127970,Felipe Chiqueti,MEI,CAP,2.07,1.35,Nulo,0.95,1.1
112863,Ramón Sosa,ATA,PAL,5.72,2.53,Provável,3.39,4.24
113103,Flaco López,ATA,PAL,14.91,6.74,Nulo,4.07,7.780000000000001
104085,Bruno Fuchs,ZAG,PAL,8.5,4.21,Nulo,3.01,4.720000000000001
124526,Giay,LAT,PAL,7.52,4.71,Contundido,4.01,6.58
111832,Jefté,LAT,PAL,4.16,2.47,Contundido,4.05,3.5799999999999996
108683,Emiliano Martínez,MEI,PAL,4.64,2.03,Nulo,1.82,2.44
130612,Luighi,ATA,PAL,3.06,1.32,Nulo,1.29,1.8399999999999999
73318,Daniel Borges,LAT,MIR,5.75,4.04,Nulo,2.48,4.04
141451,Allan,MEI,PAL,12.0,6.2,Suspenso,5.53,6.68
82775,Lucas Ramon,LAT,SAO,10.43,5.89,Provável,4.96,5.36
136156,Larson,MEI,PAL,2.1,0.48,Nulo,0.88,0.475
133679,Benedetti,ZAG,PAL,5.42,4.85,Contundido,0.21,4.85
81005,André Luis,ATA,MIR,3.24,1.13,Nulo,2.33,2.06
90917,Carlos Eduardo,ATA,MIR,5.18,3.39,Nulo,4.64,5.36
87742,Neto Moura,MEI,MIR,3.31,1.56,Nulo,2.21,1.2600000000000002
98384,Negueba,ATA,MIR,8.57,5.23,Contundido,3.61,3.62
97321,Alesson,ATA,MIR,9.29,5.13,Nulo,3.81,5.96
97520,Shaylon,MEI,MIR,4.23,1.85,Nulo,2.77,1.3800000000000001
104027,Rafael Guanaes,TEC,MIR,7.04,4.16,Nulo,1.78,4.922
97460,João Victor,ZAG,MIR,4.48,2.0,Nulo,2.19,1.6
83257,Gabriel,ATA,SAN,9.26,5.04,Nulo,5.71,4.5600000000000005
84847,Luan Peres,ZAG,SAN,4.07,1.99,Nulo,2.91,0.9200000000000002
104204,Edson Carioca,ATA,MIR,4.2,2.08,Nulo,2.67,2.98
82455,Zé Rafael,MEI,SAN,8.07,4.28,Nulo,4.51,4.279999999999999
87470,Thaciano,MEI,SAN,6.63,2.95,Nulo,3.6,3.1999999999999997
91866,Zé Ivaldo,ZAG,REM,5.75,1.9,Nulo,3.35,1.9
117403,Renato Marques,ATA,CFC,2.64,0.65,Provável,2.07,0.36
101708,Felipe Jonatan,LAT,CFC,4.88,2.59,Nulo,2.69,3.22
105903,Aldo Filho,MEI,MIR,4.17,2.26,Nulo,2.44,2.76
77777,João Schmidt,MEI,SAN,4.61,1.52,Nulo,1.57,1.2600000000000002
81150,Mayke,LAT,SAN,5.16,2.33,Nulo,1.55,2.3333333333333335
95466,Igor Vinícius,LAT,SAN,9.34,6.19,Nulo,4.47,4.999999999999999
78478,Willian Arão,MEI,SAN,6.08,2.7,Nulo,2.51,2.7399999999999998
118775,Lautaro Díaz,ATA,SAN,5.26,2.28,Nulo,3.53,2.4
113690,Diógenes,GOL,SAN,5.0,5.55,Nulo,6.58,5.55
142867,Robinho Jr.,ATA,SAN,2.76,0.62,Nulo,1.25,0.625
141754,Gabriel Bontempo,MEI,SAN,4.71,3.54,Nulo,3.86,5.0600000000000005
102975,Escobar,LAT,SAN,10.22,6.44,Nulo,3.92,4.94
141868,Vini Lira,LAT,SAN,3.79,2.42,Nulo,1.34,2.4250000000000003
108469,Adonis Frías,ZAG,SAN,5.66,3.59,Nulo,5.36,5.04
81845,Alisson,MEI,FLU,3.52,0.96,Nulo,1.99,1.2
89840,Calleri,ATA,SAO,11.7,5.87,Provável,4.43,2.58
77656,Cédric Soares,LAT,SAO,3.73,0.94,Nulo,0.83,0.74
104075,Sabino,ZAG,SAO,6.95,4.05,Nulo,3.55,3.2399999999999998
102256,Rollheiser,MEI,SAN,5.6,2.71,Nulo,4.88,6.5600000000000005
91573,Arboleda,ZAG,SAO,8.95,3.98,Provável,3.07,3.28
80570,Wendell,LAT,SAO,8.26,4.23,Provável,4.92,5.1
63008,Rafael Tolói,ZAG,SAO,8.24,4.82,Dúvida,4.67,4.82
101290,Ferreira,ATA,SAO,7.41,4.3,Provável,7.06,4.58
106294,Marcos Antônio,MEI,SAO,6.14,2.6,Provável,3.04,1.8199999999999998
70164,Lucas Moura,MEI,SAO,7.5,2.32,Contundido,3.39,0.7200000000000001
85403,Danielzinho,MEI,SAO,6.34,2.81,Nulo,2.46,2.16
107873,Bobadilla,MEI,SAO,9.15,4.33,Provável,4.02,5.12
108588,Tapia,ATA,SAO,4.06,1.46,Nulo,1.49,0.34
141611,Maik,LAT,SAO,5.52,3.48,Nulo,2.52,3.4799999999999995
72391,Fernando Diniz,TEC,COR,9.26,5.39,Provável,1.93,5.958
131617,André Silva,ATA,SAO,3.66,0.42,Nulo,1.09,0.8600000000000001
105300,Ferraresi,ZAG,BOT,5.26,2.5,Nulo,3.5,3.2600000000000002
71123,Thiago Mendes,MEI,VAS,7.83,4.39,Nulo,3.8,4.08
118563,Rodriguinho,MEI,RBB,6.55,3.18,Nulo,3.4,3.0
86410,Victor Luis,LAT,MIR,3.65,1.2,Nulo,2.56,1.3800000000000001
93716,Paulo Henrique,LAT,VAS,7.25,2.94,Nulo,3.3,1.78
90309,David,ATA,VAS,4.48,2.36,Nulo,3.1,1.42
99213,Puma Rodríguez,LAT,VAS,8.19,5.35,Nulo,4.6,6.22
86686,Tchê Tchê,MEI,VAS,4.21,1.78,Nulo,2.78,1.7200000000000002
111682,Adson,MEI,VAS,6.45,3.51,Nulo,2.43,4.34
141609,Lucca,ATA,SAO,2.05,0.23,Nulo,0.67,0.22499999999999998
105584,Lucas Piton,LAT,VAS,5.08,2.14,Nulo,3.87,3.8600000000000003
97095,Carlos Cuesta,ZAG,VAS,5.11,1.88,Nulo,3.48,2.5800000000000005
115141,Lucas Freitas,ZAG,VAS,4.77,2.5,Nulo,3.54,2.5
142279,Nuno Moreira,MEI,VAS,5.37,2.3,Nulo,2.66,1.6800000000000002
116706,Andrés Gómez,ATA,VAS,11.97,7.3,Nulo,4.74,4.4
90588,Caíque,MEI,VIT,4.29,2.1,Suspenso,1.41,1.72
117330,Robert Renan,ZAG,VAS,4.65,2.06,Nulo,2.75,3.6599999999999993
104118,Lucas Arcanjo,GOL,VIT,9.99,5.99,Nulo,4.15,4.7
96793,Camutanga,ZAG,VIT,6.71,3.95,Contundido,4.58,3.4799999999999995
42222,Osvaldo,ATA,VIT,4.07,0.4,Nulo,0.57,0.4
122485,Barros,MEI,VAS,8.85,4.96,Nulo,5.01,2.54
99440,Baralhas,MEI,VIT,9.16,5.37,Nulo,4.08,3.2600000000000002
90703,Matheuzinho,MEI,VIT,6.68,3.46,Nulo,2.93,4.38
101597,Ramon,LAT,VIT,8.73,5.41,Nulo,3.41,5.720000000000001
92696,Renato Kayzer,ATA,VIT,7.01,3.52,Nulo,4.39,3.0799999999999996
90031,Mendoza,ATA,CAP,8.61,5.05,Provável,3.99,5.0
93411,Cantalapiedra,MEI,VIT,4.26,1.09,Nulo,1.67,0.52
92273,Odair Hellmann,TEC,CAP,9.28,5.46,Provável,2.42,5.95
80129,Jadson,MEI,CAP,4.95,2.92,Provável,4.64,5.04
104330,Dudu,MEI,VIT,5.01,3.95,Contundido,6.01,3.9499999999999997
92180,Jair Ventura,TEC,VIT,8.87,5.46,Nulo,2.54,5.872
111879,Mateus Silva,LAT,VIT,4.95,4.85,Nulo,6.86,4.85
130620,Edenílson,MEI,VIT,3.28,1.74,Nulo,2.13,2.0200000000000005
110668,Esquivel,LAT,CAP,7.51,4.67,Provável,3.49,3.7599999999999993
116461,Jamerson,LAT,VIT,6.14,4.17,Nulo,3.02,3.7
105518,Renan Peixoto,ATA,CAP,2.73,0.9,Nulo,1.32,1.06
123869,Aguirre,ZAG,CAP,6.57,3.41,Provável,3.59,4.1
85626,Léo,ZAG,CAP,6.77,4.9,Nulo,0.28,4.9
113113,Benavídez,LAT,CAP,7.23,4.42,Nulo,3.62,4.459999999999999
112017,Felipinho,MEI,CAP,5.57,3.17,Nulo,4.04,4.14
107985,Terán,ZAG,CAP,5.88,3.5,Nulo,4.64,4.279999999999999
120433,Léo Derik,LAT,CAP,4.57,3.11,Nulo,3.6,2.98
105647,Maurício,MEI,PAL,6.14,2.59,Provável,3.16,1.64
125746,Dudu,MEI,CAP,2.12,1.84,Nulo,4.18,0.8000000000000002
125926,Zapelli,MEI,CAP,4.23,1.37,Contundido,2.15,0.12
131832,Portilla,MEI,CAP,2.62,1.22,Nulo,2.3,0.7799999999999999
122439,Isaac,ATA,CAP,1.86,0.0,Nulo,0.0,0.0
143193,Viveros,ATA,CAP,13.09,8.41,Provável,6.38,12.02
128431,João Cruz,MEI,CAP,6.45,3.47,Provável,3.43,4.54
82628,Tinga,LAT,CFC,6.53,3.67,Provável,3.15,5.279999999999999
84339,Bruno Melo,LAT,CFC,5.62,3.83,Provável,3.4,2.5
113359,Pablo Maia,MEI,SAO,4.14,1.27,Nulo,2.06,1.1800000000000002
63354,Rodrigo Moledo,ZAG,CFC,7.4,7.75,Nulo,0.35,7.75
123101,Leozinho,ATA,CAP,2.16,0.7,Provável,0.83,0.7
84626,Josué,MEI,CFC,5.42,3.57,Provável,4.42,5.44
71227,Maicon,ZAG,CFC,4.14,2.08,Nulo,2.52,1.12
84428,Fernando Sobral,MEI,CFC,4.34,1.0,Nulo,1.73,1.0
110708,Pedro Rangel,GOL,CFC,7.01,4.64,Provável,4.8,2.7399999999999998
104811,Sebastián Gómez,MEI,CFC,4.29,2.53,Provável,1.95,3.1399999999999997
97878,Jacy,ZAG,CFC,5.44,4.02,Provável,4.15,4.0200000000000005
125803,Pedro Morisco,GOL,CFC,8.04,5.0,Nulo,4.52,5.0
81952,Willian Oliveira,MEI,CFC,4.62,1.84,Nulo,2.33,0.82
90302,Pedro Rocha,ATA,CFC,6.33,3.63,Suspenso,3.88,2.84
109127,Tiago Cóser,ZAG,CFC,3.28,2.37,Provável,3.16,1.0400000000000003
117930,Lavega,ATA,CFC,5.22,3.63,Nulo,4.37,5.279999999999999
126977,Fernando Seabra,TEC,CFC,7.63,5.22,Provável,2.49,4.944
112576,Vini Paulista,MEI,CFC,3.8,2.4,Nulo,2.28,1.34
101405,Wallisson,MEI,CFC,4.36,2.33,Nulo,2.25,1.8799999999999997
124358,João Almeida,LAT,CFC,0.92,0.0,Nulo,0.0,0.0
123648,Lucas Ronier,ATA,CFC,10.73,7.04,Provável,4.88,4.220000000000001
97795,Marcelinho,LAT,REM,7.71,5.44,Provável,5.02,7.279999999999999
141337,Lucas Taverna,LAT,CFC,2.58,2.1,Nulo,2.67,2.1
98224,Jáderson,MEI,REM,2.64,0.97,Nulo,1.33,1.3
104257,João Lucas,LAT,REM,4.59,2.82,Nulo,2.77,2.94
82730,Marcelo Rangel,GOL,REM,6.86,3.97,Nulo,3.35,6.4
102911,Zé Ricardo,MEI,REM,4.72,2.5,Nulo,3.15,1.24
71043,Léo Vieira,GOL,BAH,6.82,5.02,Contundido,3.93,3.3800000000000003
68822,Rafael Santos,GOL,CHA,4.94,3.75,Nulo,3.29,3.7499999999999996
107700,Eduardo Melo,ATA,REM,2.13,1.4,Nulo,0.0,1.4
83048,Rafael Thyere,ZAG,CHA,3.2,-0.15,Provável,0.21,-0.15
95620,Bruno Leonardo,ZAG,CHA,2.74,1.33,Nulo,2.46,1.08
88293,Neto Pessoa,ATA,CHA,4.7,3.73,Nulo,4.92,5.14
68938,Giovanni Augusto,MEI,CHA,3.44,1.2,Provável,0.99,1.3
95332,Marcinho,ATA,CHA,4.71,2.9,Provável,2.93,2.9799999999999995
104470,Everton,LAT,CHA,3.6,1.87,Provável,2.1,1.58
101393,Eduardo Doma,ZAG,CHA,3.94,2.33,Provável,3.29,-0.15999999999999998
97432,Victor Caetano,ZAG,CHA,3.19,1.6,Nulo,2.0,0.48
104519,Camilo,MEI,CHA,5.62,3.13,Provável,1.89,3.6400000000000006
107516,Ênio,ATA,CHA,5.61,3.62,Provável,2.69,3.2600000000000002
109336,Rafael Carvalheira,MEI,CHA,5.7,2.72,Contundido,3.82,3.3200000000000003
107453,João Paulo,ZAG,CHA,4.8,3.3,Nulo,5.29,2.56
116066,Rubens,ATA,CHA,2.66,1.63,Nulo,2.88,0.68
97969,Marcos Vinícius,LAT,CHA,2.78,1.48,Nulo,2.33,0.9400000000000001
110426,Bernabei,LAT,INT,9.66,6.64,Provável,6.0,8.72
130843,Arthur Dias,ZAG,CAP,6.04,3.75,Provável,2.98,3.46
102906,Anderson,GOL,CHA,5.87,3.45,Nulo,4.72,1.8400000000000003
130414,Robert,MEI,CHA,3.51,3.0,Contundido,0.0,3.0
99552,Rossi,GOL,FLA,9.17,5.06,Provável,4.28,4.7
97900,Vitão,ZAG,FLA,7.78,2.7,Dúvida,3.38,1.94
89837,Lucho Acosta,MEI,FLU,11.02,5.76,Nulo,4.55,2.4200000000000004
126471,Barreal,MEI,SAN,11.27,4.55,Nulo,4.64,6.159999999999999
140438,David,MEI,CHA,1.46,1.08,Nulo,1.44,1.0750000000000002
80287,Luciano,ATA,SAO,14.14,5.44,Provável,4.86,7.44
123625,Ítalo,ATA,CHA,2.71,1.71,Nulo,1.59,1.28
39148,Hulk,ATA,FLU,11.8,4.55,Nulo,4.03,2.86
89274,Andreas Pereira,MEI,PAL,12.78,5.28,Provável,5.34,3.2600000000000002
68708,Eduardo,MEI,MIR,5.57,2.78,Nulo,2.94,2.5
100652,Yuri Alberto,ATA,COR,11.71,3.36,Provável,4.36,4.92
51772,Everton Ribeiro,MEI,BAH,9.27,5.24,Nulo,4.08,6.300000000000001
89368,Braithwaite,ATA,GRE,5.91,0.35,Nulo,0.64,0.16
122781,Caballero,ATA,SAN,3.83,1.6,Nulo,0.0,1.6
78850,Reinaldo,LAT,MIR,7.76,2.2,Nulo,2.96,4.859999999999999
141776,Gustavo Henrique,MEI,SAN,2.48,1.5,Contundido,1.67,1.5
103445,Kaio Jorge,ATA,CRU,12.24,4.6,Provável,4.4,5.08
146991,Rhuan Gabriel,MEI,CRU,1.39,1.2,Nulo,0.0,1.2
106104,Enamorado,ATA,GRE,6.81,3.5,Nulo,2.27,2.06
115025,Miguelito,MEI,SAN,7.41,4.88,Nulo,6.49,6.880000000000001
94583,Pedro,ATA,FLA,18.5,8.82,Provável,7.3,8.7
133673,Mateus Xavier,ATA,SAN,2.33,1.2,Nulo,0.0,1.2
114802,Vitor Roque,ATA,PAL,17.01,7.6,Nulo,7.44,8.24
108713,Galeano,ATA,MIR,4.42,1.19,Nulo,1.51,1.3800000000000001
128433,Johan Rojas,MEI,VAS,4.09,1.63,Nulo,1.81,1.3800000000000001
145400,Cauê,LAT,RBB,4.23,3.47,Nulo,3.1,3.466666666666667
86292,Bolasie,ATA,CHA,4.53,2.08,Provável,3.06,4.32
131516,JP Chermont,LAT,CFC,4.89,2.95,Nulo,4.03,0.62
115986,Denilson,MEI,MIR,5.21,3.04,Nulo,4.37,5.0200000000000005
132412,Román Gómez,LAT,BAH,7.75,4.77,Provável,6.74,4.766666666666667
126182,Paulinho,MEI,INT,4.27,2.33,Dúvida,2.88,1.7599999999999998
101908,Willian Machado,ZAG,MIR,5.36,3.73,Suspenso,3.53,5.3999999999999995
94154,Maycon,MEI,CAM,6.1,3.24,Provável,3.48,4.359999999999999
118655,Saldivia,ZAG,VAS,4.79,2.01,Nulo,1.39,1.8599999999999999
114040,Minda,ATA,CAM,7.36,4.04,Nulo,4.52,5.720000000000001
94514,Lucas Oliveira,ZAG,MIR,5.2,3.41,Nulo,4.11,4.4
126120,Marcelinho,MEI,RBB,2.95,2.22,Nulo,3.2,2.225
70666,Marllon,ZAG,REM,6.15,3.08,Provável,2.58,2.34
90061,Bruno Pacheco,LAT,CHA,6.42,4.49,Provável,5.2,6.3
130048,Noriega,ZAG,GRE,7.6,4.31,Nulo,4.51,2.8600000000000003
93988,Breno Lopes,ATA,CFC,9.47,6.18,Provável,6.46,9.26
147090,Kauã Pascini,LAT,CAM,3.55,2.8,Nulo,2.45,2.8
116034,Victor Hugo,MEI,CAM,6.6,3.8,Provável,3.95,1.9200000000000004
83433,Patrick,MEI,REM,5.99,3.54,Provável,3.47,6.459999999999999
102909,Luan,MEI,SAO,2.69,0.96,Nulo,0.94,1.0399999999999998
142257,Luis Eduardo,ZAG,GRE,1.45,-0.3,Nulo,0.0,-0.3
106302,Preciado,LAT,CAM,7.2,4.0,Nulo,3.88,5.22
